{
"type": "FeatureCollection",
"name": "coimbatore_sample_parcels",
"crs": { "type": "name", "properties": { "name": "urn:ogc:def:crs:OGC:1.3:CRS84" } },
"features": [
{ "type": "Feature", "properties": { "id": 270 }, "geometry": { "type": "MultiPolygon", "coordinates": [ [ [ [ 76.713033648805222, 11.149513984389406 ], [ 76.7129043871671, 11.148192234237687 ], [ 76.706306483568369, 11.142241323055682 ], [ 76.705060723863753, 11.147948438457847 ], [ 76.701176671167559, 11.152217295968434 ], [ 76.695950456047782, 11.165395437574825 ], [ 76.69896105657368, 11.17279229324576 ], [ 76.7034485721625, 11.174435313980732 ], [ 76.706727085934091, 11.179592451001021 ], [ 76.711277252621258, 11.182262911261384 ], [ 76.716420100407149, 11.18735267545693 ], [ 76.723742672925795, 11.185761104956342 ], [ 76.731166262715647, 11.192275546630361 ], [ 76.727885212015678, 11.200160579947271 ], [ 76.727914816602564, 11.20607142149575 ], [ 76.730699440114435, 11.208718174110995 ], [ 76.735079837494496, 11.186750941594381 ], [ 76.723818138328483, 11.158035779668731 ], [ 76.714113772529501, 11.14928302690671 ], [ 76.713033648805222, 11.149513984389406 ] ] ], [ [ [ 76.720278619181741, 11.226044681731135 ], [ 76.706792181100525, 11.239036718072329 ], [ 76.702618088567405, 11.241008969685408 ], [ 76.701458114309276, 11.254918110502278 ], [ 76.709991279764864, 11.261884116594066 ], [ 76.713110371295045, 11.257386271027999 ], [ 76.722127212555051, 11.251706994449473 ], [ 76.728285901883396, 11.22082181469632 ], [ 76.720278619181741, 11.226044681731135 ] ] ] ] } },
{ "type": "Feature", "properties": { "id": 248 }, "geometry": { "type": "MultiPolygon", "coordinates": [ [ [ [ 76.695139327274731, 10.910169675445866 ], [ 76.685338374650968, 10.914114748004351 ], [ 76.685035713913933, 10.914298969336027 ], [ 76.685035713913933, 10.931015279097286 ], [ 76.699918583331424, 10.925625269613739 ], [ 76.696575586066089, 10.910145078619372 ], [ 76.695139327274731, 10.910169675445866 ] ] ] ] } },
{ "type": "Feature", "properties": { "id": 145 }, "geometry": { "type": "MultiPolygon", "coordinates": [ [ [ [ 76.836256750199041, 10.597639673794967 ], [ 76.827138883309658, 10.596354498458764 ], [ 76.820316116198256, 10.602518801694803 ], [ 76.821295474365243, 10.612326691003725 ], [ 76.820148996221391, 10.61531466764789 ], [ 76.816619938528845, 10.617164793739827 ], [ 76.814899806499739, 10.622104918004624 ], [ 76.815147376925069, 10.622799038587331 ], [ 76.837341779719367, 10.597282674771725 ], [ 76.836256750199041, 10.597639673794967 ] ] ] ] } },
{ "type": "Feature", "properties": { "id": 74 }, "geometry": { "type": "MultiPolygon", "coordinates": [ [ [ [ 76.733539055159241, 10.895455197599333 ], [ 76.729133797710588, 10.897649437539821 ], [ 76.722070615364899, 10.903361430757155 ], [ 76.710994612149207, 10.908564748755888 ], [ 76.703566699866897, 10.910025351440547 ], [ 76.696575586066089, 10.910145078619372 ], [ 76.699918583331424, 10.925625269613739 ], [ 76.727510194501562, 10.956457147670722 ], [ 76.742663782894823, 10.952733359441604 ], [ 76.749005435053462, 10.930741744667381 ], [ 76.735877899952371, 10.895075299769688 ], [ 76.733539055159241, 10.895455197599333 ] ] ] ] } },
{ "type": "Feature", "properties": { "id": 84 }, "geometry": { "type": "MultiPolygon", "coordinates": [ [ [ [ 76.68602538829181, 10.985105249416856 ], [ 76.727510194501562, 10.956457147670722 ], [ 76.699918583331424, 10.925625269613739 ], [ 76.685035713913933, 10.931015279097286 ], [ 76.685035713913933, 10.984004731812007 ], [ 76.68602538829181, 10.985105249416856 ] ] ] ] } },
{ "type": "Feature", "properties": { "id": 193 }, "geometry": { "type": "MultiPolygon", "coordinates": [ [ [ [ 76.735079837494496, 11.186750941594381 ], [ 76.765522148690494, 11.17458297685711 ], [ 76.760144988510007, 11.156293256467315 ], [ 76.723818138328483, 11.158035779668731 ], [ 76.735079837494496, 11.186750941594381 ] ] ] ] } },
{ "type": "Feature", "properties": { "id": 154 }, "geometry": { "type": "MultiPolygon", "coordinates": [ [ [ [ 76.688990358665478, 10.99377581276754 ], [ 76.69113485994572, 11.000372207444041 ], [ 76.690074580525177, 11.007146224996587 ], [ 76.700691279185079, 11.025234165514538 ], [ 76.709140794854576, 11.030418061789911 ], [ 76.716836418189672, 11.039110998377515 ], [ 76.722379546313235, 11.040232697290117 ], [ 76.742784707112122, 11.036793281195466 ], [ 76.754461344360379, 11.033748653948845 ], [ 76.755821936481098, 11.033615196559502 ], [ 76.752729538805667, 11.02794806837024 ], [ 76.688102526001188, 10.98746107603883 ], [ 76.688990358665478, 10.99377581276754 ] ] ], [ [ [ 76.747479175232755, 11.055328985128263 ], [ 76.74741365675699, 11.05573273846991 ], [ 76.750037724393678, 11.053812162152568 ], [ 76.747479175232755, 11.055328985128263 ] ] ] ] } },
{ "type": "Feature", "properties": { "id": 298 }, "geometry": { "type": "MultiPolygon", "coordinates": [ [ [ [ 76.745113178165823, 11.132925924763443 ], [ 76.739467715637929, 11.133186255487191 ], [ 76.732356010570257, 11.130294235257949 ], [ 76.725468330887523, 11.136188926441044 ], [ 76.722754803314857, 11.140626776536298 ], [ 76.719893302734619, 11.148047218714249 ], [ 76.714113772529501, 11.14928302690671 ], [ 76.723818138328483, 11.158035779668731 ], [ 76.760144988510007, 11.156293256467315 ], [ 76.760890554047066, 11.154790766948171 ], [ 76.74668027850538, 11.131361642619336 ], [ 76.745113178165823, 11.132925924763443 ] ] ], [ [ [ 76.712725314603986, 11.146361148148118 ], [ 76.715618831258823, 11.14387387381913 ], [ 76.713679106154856, 11.139749728477456 ], [ 76.710190071415624, 11.139187771183533 ], [ 76.706704226350354, 11.140419170718607 ], [ 76.706306483568369, 11.142241323055682 ], [ 76.7129043871671, 11.148192234237687 ], [ 76.712725314603986, 11.146361148148118 ] ] ] ] } },
{ "type": "Feature", "properties": { "id": 65 }, "geometry": { "type": "MultiPolygon", "coordinates": [ [ [ [ 76.688094851658903, 10.987406492046722 ], [ 76.688102526001188, 10.98746107603883 ], [ 76.752729538805667, 11.02794806837024 ], [ 76.746235202022689, 10.956022921133533 ], [ 76.742663782894823, 10.952733359441604 ], [ 76.727510194501562, 10.956457147670722 ], [ 76.68602538829181, 10.985105249416856 ], [ 76.688094851658903, 10.987406492046722 ] ] ] ] } },
{ "type": "Feature", "properties": { "id": 111 }, "geometry": { "type": "MultiPolygon", "coordinates": [ [ [ [ 76.746235202022689, 10.956022921133533 ], [ 76.785575803023022, 10.969800455114511 ], [ 76.801085729021253, 10.950129885329911 ], [ 76.804735286439012, 10.934368039290296 ], [ 76.79780245065156, 10.914058595641162 ], [ 76.79325294185044, 10.910586121436173 ], [ 76.749005435053462, 10.930741744667381 ], [ 76.742663782894823, 10.952733359441604 ], [ 76.746235202022689, 10.956022921133533 ] ] ] ] } },
{ "type": "Feature", "properties": { "id": 239 }, "geometry": { "type": "MultiPolygon", "coordinates": [ [ [ [ 76.750847673259202, 11.117732135219404 ], [ 76.749128058060393, 11.122683291424877 ], [ 76.748932239462079, 11.129113731477423 ], [ 76.74668027850538, 11.131361642619336 ], [ 76.760890554047066, 11.154790766948171 ], [ 76.780294322294225, 11.138858471139372 ], [ 76.789384226802767, 11.128161203938113 ], [ 76.788514113567686, 11.125843269880319 ], [ 76.756018062201363, 11.114112807142725 ], [ 76.7498375878574, 11.112530614961333 ], [ 76.750847673259202, 11.117732135219404 ] ] ] ] } },
{ "type": "Feature", "properties": { "id": 216 }, "geometry": { "type": "MultiPolygon", "coordinates": [ [ [ [ 76.765230861004099, 11.047079477461324 ], [ 76.761548588921698, 11.054621198566528 ], [ 76.756902941461647, 11.054819269398081 ], [ 76.750610461424856, 11.053472617890069 ], [ 76.750037724393678, 11.053812162152568 ], [ 76.74741365675699, 11.05573273846991 ], [ 76.746351059034083, 11.062280927761702 ], [ 76.744800980012641, 11.066139336584071 ], [ 76.744827774641905, 11.071711988530383 ], [ 76.756785521104433, 11.078715005983636 ], [ 76.758385929259916, 11.082951391827855 ], [ 76.756594799579119, 11.086701321248565 ], [ 76.75603952593282, 11.091759426612237 ], [ 76.753025267802485, 11.093837029333578 ], [ 76.748890868001283, 11.09179238345995 ], [ 76.744397962069925, 11.101179247760758 ], [ 76.745247756014436, 11.106919883817598 ], [ 76.749625485869643, 11.111438377825596 ], [ 76.7498375878574, 11.112530614961333 ], [ 76.756018062201363, 11.114112807142725 ], [ 76.79028581519438, 11.07455909431623 ], [ 76.778090038425319, 11.044632750134383 ], [ 76.768650147882681, 11.044862194390491 ], [ 76.765230861004099, 11.047079477461324 ] ] ] ] } },
{ "type": "Feature", "properties": { "id": 266 }, "geometry": { "type": "MultiPolygon", "coordinates": [ [ [ [ 76.736511461080767, 11.21424243318117 ], [ 76.735533551641936, 11.216664380609755 ], [ 76.732563279043873, 11.215869387998524 ], [ 76.73048566419871, 11.21938698761338 ], [ 76.728285901883396, 11.22082181469632 ], [ 76.722127212555051, 11.251706994449473 ], [ 76.7335202135027, 11.244531088655487 ], [ 76.739400191296681, 11.244674552532938 ], [ 76.741923301385256, 11.248912238328444 ], [ 76.746828603597564, 11.251930179157938 ], [ 76.752082034934318, 11.251954915569213 ], [ 76.771235931231956, 11.178329541824105 ], [ 76.765522148690494, 11.17458297685711 ], [ 76.735079837494496, 11.186750941594381 ], [ 76.730699440114435, 11.208718174110995 ], [ 76.736511461080767, 11.21424243318117 ] ] ] ] } },
{ "type": "Feature", "properties": { "id": 187 }, "geometry": { "type": "MultiPolygon", "coordinates": [ [ [ [ 76.760144988510007, 11.156293256467315 ], [ 76.765522148690494, 11.17458297685711 ], [ 76.771235931231956, 11.178329541824105 ], [ 76.781443639553146, 11.178177026497389 ], [ 76.780294322294225, 11.138858471139372 ], [ 76.760890554047066, 11.154790766948171 ], [ 76.760144988510007, 11.156293256467315 ] ] ] ] } },
{ "type": "Feature", "properties": { "id": 262 }, "geometry": { "type": "MultiPolygon", "coordinates": [ [ [ [ 76.759012783904311, 11.257720233158306 ], [ 76.768576089244547, 11.261115584169048 ], [ 76.769958840666746, 11.270707415331152 ], [ 76.769407205146067, 11.276388196670942 ], [ 76.766652603540692, 11.28312460496409 ], [ 76.76858675180155, 11.285584004745575 ], [ 76.773312362390428, 11.287577522411945 ], [ 76.778656257726411, 11.285536976758117 ], [ 76.784960833756017, 11.279526398999257 ], [ 76.789661830423469, 11.276858757082913 ], [ 76.793048580531362, 11.280235169795059 ], [ 76.794954720792333, 11.283458149174518 ], [ 76.840682214563685, 11.232887065274802 ], [ 76.841089206595328, 11.226825416136577 ], [ 76.819342885533416, 11.17770253476184 ], [ 76.805853190571142, 11.182942033675328 ], [ 76.758704410897423, 11.257459874046051 ], [ 76.759012783904311, 11.257720233158306 ] ] ] ] } },
{ "type": "Feature", "properties": { "id": 282 }, "geometry": { "type": "MultiPolygon", "coordinates": [ [ [ [ 76.752184833692624, 11.251955399609491 ], [ 76.758704410897423, 11.257459874046051 ], [ 76.805853190571142, 11.182942033675328 ], [ 76.781443639553146, 11.178177026497389 ], [ 76.771235931231956, 11.178329541824105 ], [ 76.752082034934318, 11.251954915569213 ], [ 76.752184833692624, 11.251955399609491 ] ] ] ] } },
{ "type": "Feature", "properties": { "id": 159 }, "geometry": { "type": "MultiPolygon", "coordinates": [ [ [ [ 76.767476137675445, 11.032472062447095 ], [ 76.788344911176608, 11.036168059824858 ], [ 76.810986835877003, 11.005500146776141 ], [ 76.785575803023022, 10.969800455114511 ], [ 76.746235202022689, 10.956022921133533 ], [ 76.752729538805667, 11.02794806837024 ], [ 76.755821936481098, 11.033615196559502 ], [ 76.767476137675445, 11.032472062447095 ] ] ], [ [ [ 76.777695293791808, 11.040118999096816 ], [ 76.772825418132598, 11.042154683622881 ], [ 76.768650147882681, 11.044862194390491 ], [ 76.778090038425319, 11.044632750134383 ], [ 76.783000388661577, 11.041456881624519 ], [ 76.777695293791808, 11.040118999096816 ] ] ] ] } },
{ "type": "Feature", "properties": { "id": 171 }, "geometry": { "type": "MultiPolygon", "coordinates": [ [ [ [ 76.803045100716403, 11.050325464798314 ], [ 76.80400182010608, 11.054969292031968 ], [ 76.800520158181897, 11.057633215559045 ], [ 76.785962711447198, 11.042203944588254 ], [ 76.783000388661577, 11.041456881624519 ], [ 76.778090038425319, 11.044632750134383 ], [ 76.79028581519438, 11.07455909431623 ], [ 76.797003879204922, 11.087882848128494 ], [ 76.829835348930899, 11.075144822183654 ], [ 76.819168462934442, 11.060978098116125 ], [ 76.801908514502642, 11.048300909842489 ], [ 76.803045100716403, 11.050325464798314 ] ] ] ] } },
{ "type": "Feature", "properties": { "id": 231 }, "geometry": { "type": "MultiPolygon", "coordinates": [ [ [ [ 76.792203539239068, 10.881861038756568 ], [ 76.788629789731644, 10.886919303163685 ], [ 76.783878362055319, 10.889579397288406 ], [ 76.777548651396017, 10.889663496799511 ], [ 76.772772783122349, 10.887671628917536 ], [ 76.759896754640081, 10.89265778867941 ], [ 76.754730289116139, 10.89279203064774 ], [ 76.75018826101568, 10.89229065664704 ], [ 76.743438755382357, 10.888823061751562 ], [ 76.741537397509219, 10.891926786940173 ], [ 76.738585202510066, 10.894635553460368 ], [ 76.735877899952371, 10.895075299769688 ], [ 76.749005435053462, 10.930741744667381 ], [ 76.79325294185044, 10.910586121436173 ], [ 76.7936302246043, 10.880994058339084 ], [ 76.792203539239068, 10.881861038756568 ] ] ] ] } },
{ "type": "Feature", "properties": { "id": 292 }, "geometry": { "type": "MultiPolygon", "coordinates": [ [ [ [ 76.840137447147555, 10.596362837548432 ], [ 76.837341779719367, 10.597282674771725 ], [ 76.815147376925069, 10.622799038587331 ], [ 76.817310715137438, 10.628864454432502 ], [ 76.816587701606309, 10.634377369318869 ], [ 76.820571378982194, 10.634244038990941 ], [ 76.850291546752956, 10.604446460284331 ], [ 76.841500332706431, 10.593184979796998 ], [ 76.840137447147555, 10.596362837548432 ] ] ] ] } },
{ "type": "Feature", "properties": { "id": 10 }, "geometry": { "type": "MultiPolygon", "coordinates": [ [ [ [ 76.810986835877003, 11.005500146776141 ], [ 76.856877856781679, 10.995377433602926 ], [ 76.862092536787472, 10.982302667107989 ], [ 76.861725183376848, 10.966254602408654 ], [ 76.855624209094685, 10.961605573391189 ], [ 76.801085729021253, 10.950129885329911 ], [ 76.785575803023022, 10.969800455114511 ], [ 76.810986835877003, 11.005500146776141 ] ] ] ] } },
{ "type": "Feature", "properties": { "id": 48 }, "geometry": { "type": "MultiPolygon", "coordinates": [ [ [ [ 76.788514113567686, 11.125843269880319 ], [ 76.799760592523612, 11.097011191133099 ], [ 76.797003879204922, 11.087882848128494 ], [ 76.79028581519438, 11.07455909431623 ], [ 76.756018062201363, 11.114112807142725 ], [ 76.788514113567686, 11.125843269880319 ] ] ] ] } },
{ "type": "Feature", "properties": { "id": 197 }, "geometry": { "type": "MultiPolygon", "coordinates": [ [ [ [ 76.789384226802767, 11.128161203938113 ], [ 76.807475296582879, 11.14198868414697 ], [ 76.843159968239334, 11.118693895313507 ], [ 76.813518221925023, 11.098413030646345 ], [ 76.799760592523612, 11.097011191133099 ], [ 76.788514113567686, 11.125843269880319 ], [ 76.789384226802767, 11.128161203938113 ] ] ] ] } },
{ "type": "Feature", "properties": { "id": 99 }, "geometry": { "type": "MultiPolygon", "coordinates": [ [ [ [ 76.780294322294225, 11.138858471139372 ], [ 76.781443639553146, 11.178177026497389 ], [ 76.805853190571142, 11.182942033675328 ], [ 76.819342885533416, 11.17770253476184 ], [ 76.819496138934852, 11.177367305992322 ], [ 76.807475296582879, 11.14198868414697 ], [ 76.789384226802767, 11.128161203938113 ], [ 76.780294322294225, 11.138858471139372 ] ] ] ] } },
{ "type": "Feature", "properties": { "id": 108 }, "geometry": { "type": "MultiPolygon", "coordinates": [ [ [ [ 76.801085729021253, 10.950129885329911 ], [ 76.855624209094685, 10.961605573391189 ], [ 76.835230152671429, 10.938730468534247 ], [ 76.804735286439012, 10.934368039290296 ], [ 76.801085729021253, 10.950129885329911 ] ] ] ] } },
{ "type": "Feature", "properties": { "id": 211 }, "geometry": { "type": "MultiPolygon", "coordinates": [ [ [ [ 76.858216872230486, 11.299805268463464 ], [ 76.861312834968558, 11.302719153273143 ], [ 76.862779642251112, 11.305754748262581 ], [ 76.862039142922768, 11.30874639066562 ], [ 76.858218993967853, 11.312327771202586 ], [ 76.857832416352153, 11.315604178953189 ], [ 76.860467839094795, 11.318924619613357 ], [ 76.855519449613283, 11.328999575761356 ], [ 76.851581051955463, 11.333037748600912 ], [ 76.851152783125883, 11.33844580865728 ], [ 76.853933024000128, 11.337800112436556 ], [ 76.85656318353837, 11.339046888533737 ], [ 76.856828014274896, 11.343986272487877 ], [ 76.866206059175369, 11.345944322120076 ], [ 76.867382366926719, 11.349437853772669 ], [ 76.869475580923051, 11.348702409331564 ], [ 76.872634144890043, 11.352140286859054 ], [ 76.8761297109249, 11.352977930968407 ], [ 76.879585855422107, 11.356591114525685 ], [ 76.887508616464331, 11.348475198630451 ], [ 76.888981138050184, 11.351403072580956 ], [ 76.889763132235416, 11.355721055724807 ], [ 76.890681697650464, 11.356788586772485 ], [ 76.909461155591529, 11.336454966126286 ], [ 76.908931172083342, 11.318838232540081 ], [ 76.898453315949055, 11.296238199588693 ], [ 76.867006291839729, 11.290324471349429 ], [ 76.85797277177177, 11.295890516922707 ], [ 76.858216872230486, 11.299805268463464 ] ] ] ] } },
{ "type": "Feature", "properties": { "id": 100 }, "geometry": { "type": "MultiPolygon", "coordinates": [ [ [ [ 76.841089206595328, 11.226825416136577 ], [ 76.869197697464244, 11.203448221592597 ], [ 76.850163913339429, 11.165670984551257 ], [ 76.819496138934852, 11.177367305992322 ], [ 76.819342885533416, 11.17770253476184 ], [ 76.841089206595328, 11.226825416136577 ] ] ] ] } },
{ "type": "Feature", "properties": { "id": 96 }, "geometry": { "type": "MultiPolygon", "coordinates": [ [ [ [ 76.829835348930899, 11.075144822183654 ], [ 76.839792606362238, 11.080705599803496 ], [ 76.843569550488667, 11.060213028358598 ], [ 76.819168462934442, 11.060978098116125 ], [ 76.829835348930899, 11.075144822183654 ] ] ] ] } },
{ "type": "Feature", "properties": { "id": 183 }, "geometry": { "type": "MultiPolygon", "coordinates": [ [ [ [ 76.801895694335201, 10.878949780709391 ], [ 76.79619867865479, 10.879433238119548 ], [ 76.7936302246043, 10.880994058339084 ], [ 76.79325294185044, 10.910586121436173 ], [ 76.79780245065156, 10.914058595641162 ], [ 76.830379461080625, 10.911353067972509 ], [ 76.831661817249753, 10.910077360660177 ], [ 76.830172632042462, 10.885687663618237 ], [ 76.813269099418008, 10.875073580420366 ], [ 76.801895694335201, 10.878949780709391 ] ] ] ] } },
{ "type": "Feature", "properties": { "id": 44 }, "geometry": { "type": "MultiPolygon", "coordinates": [ [ [ [ 76.807475296582879, 11.14198868414697 ], [ 76.819496138934852, 11.177367305992322 ], [ 76.850163913339429, 11.165670984551257 ], [ 76.86395071961384, 11.155515849351371 ], [ 76.853565624251885, 11.117494713558003 ], [ 76.843159968239334, 11.118693895313507 ], [ 76.807475296582879, 11.14198868414697 ] ] ] ] } },
{ "type": "Feature", "properties": { "id": 278 }, "geometry": { "type": "MultiPolygon", "coordinates": [ [ [ [ 76.792394976463584, 11.036885353089822 ], [ 76.797355462142406, 11.040190742212102 ], [ 76.800739024441484, 11.046217744596941 ], [ 76.848077979611901, 11.052274721243995 ], [ 76.850215777803825, 11.050615285548476 ], [ 76.860691331445565, 11.014849357686302 ], [ 76.861006066534799, 11.002418120756872 ], [ 76.856877856781679, 10.995377433602926 ], [ 76.810986835877003, 11.005500146776141 ], [ 76.788344911176608, 11.036168059824858 ], [ 76.792394976463584, 11.036885353089822 ] ] ] ] } },
{ "type": "Feature", "properties": { "id": 198 }, "geometry": { "type": "MultiPolygon", "coordinates": [ [ [ [ 76.849942725163402, 10.845712821057216 ], [ 76.845259924661292, 10.850778712090555 ], [ 76.838780842689772, 10.855220335627623 ], [ 76.835720585292123, 10.858501440543455 ], [ 76.83198533111613, 10.86695533062823 ], [ 76.828628959645911, 10.869838745802124 ], [ 76.813269099418008, 10.875073580420366 ], [ 76.830172632042462, 10.885687663618237 ], [ 76.852974400075368, 10.879277742263902 ], [ 76.858110425537546, 10.875538822530567 ], [ 76.861803788096481, 10.870814186380811 ], [ 76.85826411427, 10.845362859783814 ], [ 76.852522454820416, 10.841981747685372 ], [ 76.849942725163402, 10.845712821057216 ] ] ] ] } },
{ "type": "Feature", "properties": { "id": 69 }, "geometry": { "type": "MultiPolygon", "coordinates": [ [ [ [ 76.804735286439012, 10.934368039290296 ], [ 76.835230152671429, 10.938730468534247 ], [ 76.830379461080625, 10.911353067972509 ], [ 76.79780245065156, 10.914058595641162 ], [ 76.804735286439012, 10.934368039290296 ] ] ] ] } },
{ "type": "Feature", "properties": { "id": 181 }, "geometry": { "type": "MultiPolygon", "coordinates": [ [ [ [ 76.797003879204922, 11.087882848128494 ], [ 76.799760592523612, 11.097011191133099 ], [ 76.813518221925023, 11.098413030646345 ], [ 76.84015154007443, 11.081448833082549 ], [ 76.839792606362238, 11.080705599803496 ], [ 76.829835348930899, 11.075144822183654 ], [ 76.797003879204922, 11.087882848128494 ] ] ] ] } },
{ "type": "Feature", "properties": { "id": 71 }, "geometry": { "type": "MultiPolygon", "coordinates": [ [ [ [ 76.801908514502642, 11.048300909842489 ], [ 76.819168462934442, 11.060978098116125 ], [ 76.843569550488667, 11.060213028358598 ], [ 76.848077979611901, 11.052274721243995 ], [ 76.800739024441484, 11.046217744596941 ], [ 76.801908514502642, 11.048300909842489 ] ] ] ] } },
{ "type": "Feature", "properties": { "id": 2 }, "geometry": { "type": "MultiPolygon", "coordinates": [ [ [ [ 76.861725183376848, 10.966254602408654 ], [ 76.873052122639123, 10.946221102254098 ], [ 76.864566844606472, 10.917595071526932 ], [ 76.847159482950275, 10.909241812148395 ], [ 76.831661817249753, 10.910077360660177 ], [ 76.830379461080625, 10.911353067972509 ], [ 76.835230152671429, 10.938730468534247 ], [ 76.855624209094685, 10.961605573391189 ], [ 76.861725183376848, 10.966254602408654 ] ] ] ] } },
{ "type": "Feature", "properties": { "id": 13 }, "geometry": { "type": "MultiPolygon", "coordinates": [ [ [ [ 76.843375755389218, 10.532665625297843 ], [ 76.843913889027306, 10.53725490745834 ], [ 76.836418699933432, 10.545715903864297 ], [ 76.837602360352548, 10.551047165016644 ], [ 76.842060784626838, 10.56106936020972 ], [ 76.840919959971487, 10.565148159532534 ], [ 76.837284959791816, 10.569636417652864 ], [ 76.83783489652329, 10.575602995082932 ], [ 76.839639930085852, 10.580501730694129 ], [ 76.848513567639685, 10.57608477731171 ], [ 76.877236975479704, 10.536272464104322 ], [ 76.876114206968964, 10.522727296123415 ], [ 76.841898154976064, 10.527471633289853 ], [ 76.843375755389218, 10.532665625297843 ] ] ] ] } },
{ "type": "Feature", "properties": { "id": 91 }, "geometry": { "type": "MultiPolygon", "coordinates": [ [ [ [ 76.832999529057375, 10.488300223414868 ], [ 76.832294998910896, 10.498744092358393 ], [ 76.837230009298011, 10.511062385479669 ], [ 76.841898154976064, 10.527471633289853 ], [ 76.876114206968964, 10.522727296123415 ], [ 76.879919946675827, 10.516912702315398 ], [ 76.880842428806687, 10.485799019686116 ], [ 76.857441820458916, 10.472386405009827 ], [ 76.831062185981693, 10.464857076967883 ], [ 76.832999529057375, 10.488300223414868 ] ] ] ] } },
{ "type": "Feature", "properties": { "id": 161 }, "geometry": { "type": "MultiPolygon", "coordinates": [ [ [ [ 76.839792606362238, 11.080705599803496 ], [ 76.84015154007443, 11.081448833082549 ], [ 76.848847019365806, 11.087834350676594 ], [ 76.870732287148002, 11.072417664924032 ], [ 76.850215777803825, 11.050615285548476 ], [ 76.848077979611901, 11.052274721243995 ], [ 76.843569550488667, 11.060213028358598 ], [ 76.839792606362238, 11.080705599803496 ] ] ] ] } },
{ "type": "Feature", "properties": { "id": 146 }, "geometry": { "type": "MultiPolygon", "coordinates": [ [ [ [ 76.843159968239334, 11.118693895313507 ], [ 76.853565624251885, 11.117494713558003 ], [ 76.853727613920285, 11.117250367408602 ], [ 76.848847019365806, 11.087834350676594 ], [ 76.84015154007443, 11.081448833082549 ], [ 76.813518221925023, 11.098413030646345 ], [ 76.843159968239334, 11.118693895313507 ] ] ] ] } },
{ "type": "Feature", "properties": { "id": 214 }, "geometry": { "type": "MultiPolygon", "coordinates": [ [ [ [ 76.841127245167826, 10.584538200435315 ], [ 76.841517746121937, 10.593144376712551 ], [ 76.841500332706431, 10.593184979796998 ], [ 76.850291546752956, 10.604446460284331 ], [ 76.854494745381302, 10.607474503149925 ], [ 76.878396837337277, 10.598015190586525 ], [ 76.884241732011887, 10.590554139685075 ], [ 76.848513567639685, 10.57608477731171 ], [ 76.839639930085852, 10.580501730694129 ], [ 76.841127245167826, 10.584538200435315 ] ] ] ] } },
{ "type": "Feature", "properties": { "id": 254 }, "geometry": { "type": "MultiPolygon", "coordinates": [ [ [ [ 76.831661817249753, 10.910077360660177 ], [ 76.847159482950275, 10.909241812148395 ], [ 76.852974400075368, 10.879277742263902 ], [ 76.830172632042462, 10.885687663618237 ], [ 76.831661817249753, 10.910077360660177 ] ] ] ] } },
{ "type": "Feature", "properties": { "id": 0 }, "geometry": { "type": "MultiPolygon", "coordinates": [ [ [ [ 76.826330430473803, 10.63405128838604 ], [ 76.834117559997054, 10.635457561866032 ], [ 76.838534497581023, 10.635209812903303 ], [ 76.842993938263234, 10.633988218467131 ], [ 76.84995859934476, 10.634822917132858 ], [ 76.851541038405955, 10.634719072485668 ], [ 76.855309429006496, 10.611541775320338 ], [ 76.854494745381302, 10.607474503149925 ], [ 76.850291546752956, 10.604446460284331 ], [ 76.820571378982194, 10.634244038990941 ], [ 76.826330430473803, 10.63405128838604 ] ] ] ] } },
{ "type": "Feature", "properties": { "id": 156 }, "geometry": { "type": "MultiPolygon", "coordinates": [ [ [ [ 76.848631471405525, 10.36106190161083 ], [ 76.85173729559078, 10.36782046593223 ], [ 76.850531311306469, 10.370750616632513 ], [ 76.843036956511554, 10.380184437018134 ], [ 76.8369085774345, 10.383303735182682 ], [ 76.83275747382875, 10.389859170606934 ], [ 76.827911117776821, 10.394581805370851 ], [ 76.834906373382793, 10.402126082198404 ], [ 76.83487046926993, 10.40700322725356 ], [ 76.833678507649765, 10.41148219515188 ], [ 76.827226174329866, 10.409841919183062 ], [ 76.824140338514695, 10.419435077668476 ], [ 76.81946519925981, 10.422952344525855 ], [ 76.821535994630892, 10.427797996753906 ], [ 76.85611709971738, 10.414330519805976 ], [ 76.868180166532738, 10.365986410935912 ], [ 76.84831879948122, 10.356328706871757 ], [ 76.848631471405525, 10.36106190161083 ] ] ] ] } },
{ "type": "Feature", "properties": { "id": 158 }, "geometry": { "type": "MultiPolygon", "coordinates": [ [ [ [ 76.853565624251885, 11.117494713558003 ], [ 76.86395071961384, 11.155515849351371 ], [ 76.877868683906499, 11.158673553105007 ], [ 76.889362973130417, 11.151377604279347 ], [ 76.900444850382257, 11.133409101030241 ], [ 76.902247024737136, 11.124367903027606 ], [ 76.878727403493983, 11.10933296293342 ], [ 76.853727613920285, 11.117250367408602 ], [ 76.853565624251885, 11.117494713558003 ] ] ] ] } },
{ "type": "Feature", "properties": { "id": 265 }, "geometry": { "type": "MultiPolygon", "coordinates": [ [ [ [ 76.85611709971738, 10.414330519805976 ], [ 76.86434775946357, 10.421494500570468 ], [ 76.878864455526369, 10.42567350800649 ], [ 76.919431067421158, 10.408113474884461 ], [ 76.924929574382503, 10.401920887639154 ], [ 76.926399260239961, 10.399285368421316 ], [ 76.932407770527803, 10.383312823278821 ], [ 76.927522163953839, 10.378849000613897 ], [ 76.886262244396576, 10.365159174213828 ], [ 76.868180166532738, 10.365986410935912 ], [ 76.85611709971738, 10.414330519805976 ] ] ] ] } },
{ "type": "Feature", "properties": { "id": 1 }, "geometry": { "type": "MultiPolygon", "coordinates": [ [ [ [ 76.847159482950275, 10.909241812148395 ], [ 76.864566844606472, 10.917595071526932 ], [ 76.865764299645448, 10.914918702743085 ], [ 76.858110425537546, 10.875538822530567 ], [ 76.852974400075368, 10.879277742263902 ], [ 76.847159482950275, 10.909241812148395 ] ] ] ] } },
{ "type": "Feature", "properties": { "id": 33 }, "geometry": { "type": "MultiPolygon", "coordinates": [ [ [ [ 76.871369085273628, 10.807949700057474 ], [ 76.863917651271038, 10.816628942077331 ], [ 76.851716002090882, 10.81575762619504 ], [ 76.848384785255021, 10.823630609593103 ], [ 76.85469519031065, 10.830604414701021 ], [ 76.856448647095803, 10.834607657420927 ], [ 76.853922316656408, 10.839957121885407 ], [ 76.852522454820416, 10.841981747685372 ], [ 76.85826411427, 10.845362859783814 ], [ 76.880071082008101, 10.837663869569001 ], [ 76.891776904263466, 10.809167100343847 ], [ 76.871369085273628, 10.807949700057474 ] ] ] ] } },
{ "type": "Feature", "properties": { "id": 25 }, "geometry": { "type": "MultiPolygon", "coordinates": [ [ [ [ 76.860691331445565, 11.014849357686302 ], [ 76.886118264025583, 11.0695151070811 ], [ 76.904285818807381, 11.043768162360644 ], [ 76.888455374436958, 11.016911547385321 ], [ 76.861006066534799, 11.002418120756872 ], [ 76.860691331445565, 11.014849357686302 ] ] ] ] } },
{ "type": "Feature", "properties": { "id": 117 }, "geometry": { "type": "MultiPolygon", "coordinates": [ [ [ [ 76.829549192588161, 10.44654884537837 ], [ 76.831062185981693, 10.464857076967883 ], [ 76.857441820458916, 10.472386405009827 ], [ 76.86434775946357, 10.421494500570468 ], [ 76.85611709971738, 10.414330519805976 ], [ 76.821535994630892, 10.427797996753906 ], [ 76.829549192588161, 10.44654884537837 ] ] ] ] } },
{ "type": "Feature", "properties": { "id": 95 }, "geometry": { "type": "MultiPolygon", "coordinates": [ [ [ [ 76.87482090228211, 10.945358966440713 ], [ 76.875157610414874, 10.944891330064026 ], [ 76.900263266843382, 10.899605054443526 ], [ 76.868001871722669, 10.912551989934038 ], [ 76.865764299645448, 10.914918702743085 ], [ 76.864566844606472, 10.917595071526932 ], [ 76.873052122639123, 10.946221102254098 ], [ 76.87482090228211, 10.945358966440713 ] ] ] ] } },
{ "type": "Feature", "properties": { "id": 37 }, "geometry": { "type": "MultiPolygon", "coordinates": [ [ [ [ 76.873052122639123, 10.946221102254098 ], [ 76.861725183376848, 10.966254602408654 ], [ 76.862092536787472, 10.982302667107989 ], [ 76.882769084047354, 10.980809176140797 ], [ 76.925949749928108, 10.948405561947149 ], [ 76.906163094170708, 10.942080751124358 ], [ 76.87482090228211, 10.945358966440713 ], [ 76.873052122639123, 10.946221102254098 ] ] ] ] } },
{ "type": "Feature", "properties": { "id": 226 }, "geometry": { "type": "MultiPolygon", "coordinates": [ [ [ [ 76.853727613920285, 11.117250367408602 ], [ 76.878727403493983, 11.10933296293342 ], [ 76.890563918507084, 11.078724956337963 ], [ 76.885661326976106, 11.072047060273571 ], [ 76.870732287148002, 11.072417664924032 ], [ 76.848847019365806, 11.087834350676594 ], [ 76.853727613920285, 11.117250367408602 ] ] ] ] } },
{ "type": "Feature", "properties": { "id": 294 }, "geometry": { "type": "MultiPolygon", "coordinates": [ [ [ [ 76.850215777803825, 11.050615285548476 ], [ 76.870732287148002, 11.072417664924032 ], [ 76.885661326976106, 11.072047060273571 ], [ 76.886118264025583, 11.0695151070811 ], [ 76.860691331445565, 11.014849357686302 ], [ 76.850215777803825, 11.050615285548476 ] ] ] ] } },
{ "type": "Feature", "properties": { "id": 174 }, "geometry": { "type": "MultiPolygon", "coordinates": [ [ [ [ 76.877236975479704, 10.536272464104322 ], [ 76.889059441112096, 10.558071008324628 ], [ 76.928069849333582, 10.568119141599862 ], [ 76.918628991999327, 10.527998820434647 ], [ 76.905391980309048, 10.522949394373512 ], [ 76.879919946675827, 10.516912702315398 ], [ 76.876114206968964, 10.522727296123415 ], [ 76.877236975479704, 10.536272464104322 ] ] ] ] } },
{ "type": "Feature", "properties": { "id": 293 }, "geometry": { "type": "MultiPolygon", "coordinates": [ [ [ [ 76.799512075672823, 11.291163909923329 ], [ 76.810003469198193, 11.295014403795863 ], [ 76.814940488660966, 11.293096182186181 ], [ 76.817715974668133, 11.289637021338711 ], [ 76.825514366557329, 11.289362666526864 ], [ 76.83174621903423, 11.290363399955522 ], [ 76.84318043153327, 11.28628075560054 ], [ 76.847049220207026, 11.29200575401771 ], [ 76.85118853564687, 11.293353380523021 ], [ 76.855899083428383, 11.291838532113843 ], [ 76.857952312030804, 11.295562394628783 ], [ 76.85797277177177, 11.295890516922707 ], [ 76.867006291839729, 11.290324471349429 ], [ 76.883995121498785, 11.263716586948938 ], [ 76.856784687543239, 11.23804263342126 ], [ 76.840682214563685, 11.232887065274802 ], [ 76.794954720792333, 11.283458149174518 ], [ 76.799512075672823, 11.291163909923329 ] ] ] ] } },
{ "type": "Feature", "properties": { "id": 215 }, "geometry": { "type": "MultiPolygon", "coordinates": [ [ [ [ 76.858110425537546, 10.875538822530567 ], [ 76.865764299645448, 10.914918702743085 ], [ 76.868001871722669, 10.912551989934038 ], [ 76.882947608143695, 10.882609670299489 ], [ 76.861803788096481, 10.870814186380811 ], [ 76.858110425537546, 10.875538822530567 ] ] ] ] } },
{ "type": "Feature", "properties": { "id": 134 }, "geometry": { "type": "MultiPolygon", "coordinates": [ [ [ [ 76.850163913339429, 11.165670984551257 ], [ 76.869197697464244, 11.203448221592597 ], [ 76.895903460006465, 11.19594190801139 ], [ 76.877868683906499, 11.158673553105007 ], [ 76.86395071961384, 11.155515849351371 ], [ 76.850163913339429, 11.165670984551257 ] ] ] ] } },
{ "type": "Feature", "properties": { "id": 195 }, "geometry": { "type": "MultiPolygon", "coordinates": [ [ [ [ 76.884241732011887, 10.590554139685075 ], [ 76.886773272608067, 10.589299600256334 ], [ 76.889059441112096, 10.558071008324628 ], [ 76.877236975479704, 10.536272464104322 ], [ 76.848513567639685, 10.57608477731171 ], [ 76.884241732011887, 10.590554139685075 ] ] ] ] } },
{ "type": "Feature", "properties": { "id": 41 }, "geometry": { "type": "MultiPolygon", "coordinates": [ [ [ [ 76.856461453921924, 10.634396179285032 ], [ 76.864232931083563, 10.632072491892389 ], [ 76.871316861770921, 10.633362400355235 ], [ 76.884453196281214, 10.637614140798753 ], [ 76.88641822008924, 10.647419674208434 ], [ 76.883941458565801, 10.661716901710495 ], [ 76.881228323577062, 10.664539159514069 ], [ 76.882119597748343, 10.668954114713845 ], [ 76.881897427790804, 10.672284676243965 ], [ 76.879410723980527, 10.674415647127461 ], [ 76.874950585207557, 10.675121903778269 ], [ 76.866734646468046, 10.680547779936919 ], [ 76.867052694069727, 10.682710254407514 ], [ 76.888253143955367, 10.673337065688701 ], [ 76.89765021597637, 10.662744968966782 ], [ 76.880197200792111, 10.625199404950331 ], [ 76.855309429006496, 10.611541775320338 ], [ 76.851541038405955, 10.634719072485668 ], [ 76.856461453921924, 10.634396179285032 ] ] ] ] } },
{ "type": "Feature", "properties": { "id": 140 }, "geometry": { "type": "MultiPolygon", "coordinates": [ [ [ [ 76.840682214563685, 11.232887065274802 ], [ 76.856784687543239, 11.23804263342126 ], [ 76.90727433523243, 11.222920910161472 ], [ 76.907364729310274, 11.222174429711414 ], [ 76.905745348683411, 11.201198215362391 ], [ 76.895903460006465, 11.19594190801139 ], [ 76.869197697464244, 11.203448221592597 ], [ 76.841089206595328, 11.226825416136577 ], [ 76.840682214563685, 11.232887065274802 ] ] ] ] } },
{ "type": "Feature", "properties": { "id": 109 }, "geometry": { "type": "MultiPolygon", "coordinates": [ [ [ [ 76.88670427927093, 10.714906891348809 ], [ 76.887136184055848, 10.714859591669768 ], [ 76.885616313093152, 10.713397840923262 ], [ 76.88670427927093, 10.714906891348809 ] ] ], [ [ [ 76.892948552792063, 10.721140146327937 ], [ 76.89094326192442, 10.728440278011979 ], [ 76.892017702782454, 10.734351999241957 ], [ 76.898402015282244, 10.744960522892226 ], [ 76.89924634688623, 10.75122703724686 ], [ 76.901946078515337, 10.755707395114413 ], [ 76.904748791286636, 10.758630737385994 ], [ 76.905877270018848, 10.763580295995997 ], [ 76.905601826002737, 10.766796053669731 ], [ 76.906814103136284, 10.766486532970482 ], [ 76.907645575325319, 10.765331176145422 ], [ 76.906143342727063, 10.733139912209255 ], [ 76.893162817093398, 10.720655764869882 ], [ 76.892948552792063, 10.721140146327937 ] ] ] ] } },
{ "type": "Feature", "properties": { "id": 243 }, "geometry": { "type": "MultiPolygon", "coordinates": [ [ [ [ 76.855309429006496, 10.611541775320338 ], [ 76.880197200792111, 10.625199404950331 ], [ 76.878396837337277, 10.598015190586525 ], [ 76.854494745381302, 10.607474503149925 ], [ 76.855309429006496, 10.611541775320338 ] ] ] ] } },
{ "type": "Feature", "properties": { "id": 147 }, "geometry": { "type": "MultiPolygon", "coordinates": [ [ [ [ 76.884241732011887, 10.590554139685075 ], [ 76.878396837337277, 10.598015190586525 ], [ 76.880197200792111, 10.625199404950331 ], [ 76.89765021597637, 10.662744968966782 ], [ 76.89888820928752, 10.661906959230652 ], [ 76.908613019064404, 10.650541460889004 ], [ 76.904397052168463, 10.598242343656239 ], [ 76.886773272608067, 10.589299600256334 ], [ 76.884241732011887, 10.590554139685075 ] ] ] ] } },
{ "type": "Feature", "properties": { "id": 186 }, "geometry": { "type": "MultiPolygon", "coordinates": [ [ [ [ 76.885661326976106, 11.072047060273571 ], [ 76.890563918507084, 11.078724956337963 ], [ 76.900086357931087, 11.081101147034772 ], [ 76.915264540523339, 11.073733624958818 ], [ 76.906992916109715, 11.04423149872229 ], [ 76.904285818807381, 11.043768162360644 ], [ 76.886118264025583, 11.0695151070811 ], [ 76.885661326976106, 11.072047060273571 ] ] ] ] } },
{ "type": "Feature", "properties": { "id": 258 }, "geometry": { "type": "MultiPolygon", "coordinates": [ [ [ [ 76.880842428806687, 10.485799019686116 ], [ 76.887189347767432, 10.48022178503876 ], [ 76.878864455526369, 10.42567350800649 ], [ 76.86434775946357, 10.421494500570468 ], [ 76.857441820458916, 10.472386405009827 ], [ 76.880842428806687, 10.485799019686116 ] ] ] ] } },
{ "type": "Feature", "properties": { "id": 255 }, "geometry": { "type": "MultiPolygon", "coordinates": [ [ [ [ 76.868001871722669, 10.912551989934038 ], [ 76.900263266843382, 10.899605054443526 ], [ 76.912093526532885, 10.887015002200799 ], [ 76.882947608143695, 10.882609670299489 ], [ 76.868001871722669, 10.912551989934038 ] ] ] ] } },
{ "type": "Feature", "properties": { "id": 45 }, "geometry": { "type": "MultiPolygon", "coordinates": [ [ [ [ 76.861803788096481, 10.870814186380811 ], [ 76.882947608143695, 10.882609670299489 ], [ 76.912093526532885, 10.887015002200799 ], [ 76.916638289825386, 10.88603065392167 ], [ 76.917601572367616, 10.880053323256179 ], [ 76.883135886685722, 10.839231980334732 ], [ 76.880071082008101, 10.837663869569001 ], [ 76.85826411427, 10.845362859783814 ], [ 76.861803788096481, 10.870814186380811 ] ] ] ] } },
{ "type": "Feature", "properties": { "id": 288 }, "geometry": { "type": "MultiPolygon", "coordinates": [ [ [ [ 76.880842428806687, 10.485799019686116 ], [ 76.879919946675827, 10.516912702315398 ], [ 76.905391980309048, 10.522949394373512 ], [ 76.93751889809522, 10.496404009189908 ], [ 76.934761293407405, 10.491802634141248 ], [ 76.912206897375441, 10.475380242291894 ], [ 76.896120779392376, 10.475686578578577 ], [ 76.887189347767432, 10.48022178503876 ], [ 76.880842428806687, 10.485799019686116 ] ] ] ] } },
{ "type": "Feature", "properties": { "id": 272 }, "geometry": { "type": "MultiPolygon", "coordinates": [ [ [ [ 76.832092457862331, 10.310697095317945 ], [ 76.836663649247157, 10.320376283165741 ], [ 76.838318531642003, 10.328115694784353 ], [ 76.83918109900587, 10.338336591597468 ], [ 76.838101523687953, 10.342285276927768 ], [ 76.839971190972847, 10.34566247053816 ], [ 76.848195884227891, 10.354468028680918 ], [ 76.84831879948122, 10.356328706871757 ], [ 76.868180166532738, 10.365986410935912 ], [ 76.886262244396576, 10.365159174213828 ], [ 76.892755432411633, 10.309027300292971 ], [ 76.832135729742362, 10.306302826329672 ], [ 76.832092457862331, 10.310697095317945 ] ] ] ] } },
{ "type": "Feature", "properties": { "id": 192 }, "geometry": { "type": "MultiPolygon", "coordinates": [ [ [ [ 76.883562412681059, 10.272251759072969 ], [ 76.87499987813888, 10.275212479216826 ], [ 76.874253879292553, 10.277784073973168 ], [ 76.874729749588099, 10.290707848052291 ], [ 76.876910562717242, 10.29819946052722 ], [ 76.873205526549896, 10.298894113501852 ], [ 76.870532259369213, 10.297411164155061 ], [ 76.863364245407794, 10.290953388864962 ], [ 76.853160097571774, 10.291717022890092 ], [ 76.852450512242342, 10.289541559088612 ], [ 76.852495442615947, 10.285642477760236 ], [ 76.851160179986522, 10.285702657012772 ], [ 76.847820519311199, 10.28977995845816 ], [ 76.844516958810203, 10.291850759925609 ], [ 76.842532134101646, 10.299194469785913 ], [ 76.837438079959938, 10.301905032857004 ], [ 76.832165305412047, 10.303299410531487 ], [ 76.832135729742362, 10.306302826329672 ], [ 76.892755432411633, 10.309027300292971 ], [ 76.897213899401692, 10.304830193277427 ], [ 76.886188848569759, 10.269010340630162 ], [ 76.883562412681059, 10.272251759072969 ] ] ] ] } },
{ "type": "Feature", "properties": { "id": 58 }, "geometry": { "type": "MultiPolygon", "coordinates": [ [ [ [ 76.94079065628155, 10.237904909044895 ], [ 76.938004468517974, 10.23808260545456 ], [ 76.933287086758753, 10.233731975197617 ], [ 76.922319079702845, 10.231468107301449 ], [ 76.918438860958105, 10.233011943432293 ], [ 76.914169943249078, 10.236054043703685 ], [ 76.911642603105022, 10.2407998112944 ], [ 76.905206396887039, 10.240895364524297 ], [ 76.906445380016649, 10.245667012911809 ], [ 76.904681211917705, 10.251301774725274 ], [ 76.901971427960959, 10.255788561409346 ], [ 76.939086199909269, 10.289926486177635 ], [ 76.946885198999311, 10.28683190335494 ], [ 76.950964831970836, 10.235131303064051 ], [ 76.948998938525037, 10.231868819218601 ], [ 76.94079065628155, 10.237904909044895 ] ] ] ] } },
{ "type": "Feature", "properties": { "id": 53 }, "geometry": { "type": "MultiPolygon", "coordinates": [ [ [ [ 76.877868683906499, 11.158673553105007 ], [ 76.895903460006465, 11.19594190801139 ], [ 76.905745348683411, 11.201198215362391 ], [ 76.928135909508285, 11.186178574418474 ], [ 76.929553350566707, 11.166700174571172 ], [ 76.889362973130417, 11.151377604279347 ], [ 76.877868683906499, 11.158673553105007 ] ] ] ] } },
{ "type": "Feature", "properties": { "id": 206 }, "geometry": { "type": "MultiPolygon", "coordinates": [ [ [ [ 76.878864455526369, 10.42567350800649 ], [ 76.887189347767432, 10.48022178503876 ], [ 76.896120779392376, 10.475686578578577 ], [ 76.919431067421158, 10.408113474884461 ], [ 76.878864455526369, 10.42567350800649 ] ] ] ] } },
{ "type": "Feature", "properties": { "id": 213 }, "geometry": { "type": "MultiPolygon", "coordinates": [ [ [ [ 76.927522163953839, 10.378849000613897 ], [ 76.930077441581304, 10.320542475362489 ], [ 76.927443969301692, 10.305964268604118 ], [ 76.897213899401692, 10.304830193277427 ], [ 76.892755432411633, 10.309027300292971 ], [ 76.886262244396576, 10.365159174213828 ], [ 76.927522163953839, 10.378849000613897 ] ] ] ] } },
{ "type": "Feature", "properties": { "id": 77 }, "geometry": { "type": "MultiPolygon", "coordinates": [ [ [ [ 76.878727403493983, 11.10933296293342 ], [ 76.902247024737136, 11.124367903027606 ], [ 76.910811073294198, 11.11924865327483 ], [ 76.911925471037989, 11.097448755742864 ], [ 76.900086357931087, 11.081101147034772 ], [ 76.890563918507084, 11.078724956337963 ], [ 76.878727403493983, 11.10933296293342 ] ] ] ] } },
{ "type": "Feature", "properties": { "id": 32 }, "geometry": { "type": "MultiPolygon", "coordinates": [ [ [ [ 76.861006066534799, 11.002418120756872 ], [ 76.888455374436958, 11.016911547385321 ], [ 76.935812233685539, 11.010802337855843 ], [ 76.913294686988678, 10.980969435127415 ], [ 76.882769084047354, 10.980809176140797 ], [ 76.862092536787472, 10.982302667107989 ], [ 76.856877856781679, 10.995377433602926 ], [ 76.861006066534799, 11.002418120756872 ] ] ] ] } },
{ "type": "Feature", "properties": { "id": 126 }, "geometry": { "type": "MultiPolygon", "coordinates": [ [ [ [ 76.903466261815879, 11.260706465197236 ], [ 76.911150970817843, 11.235373567396827 ], [ 76.90727433523243, 11.222920910161472 ], [ 76.856784687543239, 11.23804263342126 ], [ 76.883995121498785, 11.263716586948938 ], [ 76.903466261815879, 11.260706465197236 ] ] ] ] } },
{ "type": "Feature", "properties": { "id": 247 }, "geometry": { "type": "MultiPolygon", "coordinates": [ [ [ [ 76.883995121498785, 11.263716586948938 ], [ 76.867006291839729, 11.290324471349429 ], [ 76.898453315949055, 11.296238199588693 ], [ 76.910188915682951, 11.269885757065799 ], [ 76.903466261815879, 11.260706465197236 ], [ 76.883995121498785, 11.263716586948938 ] ] ] ] } },
{ "type": "Feature", "properties": { "id": 267 }, "geometry": { "type": "MultiPolygon", "coordinates": [ [ [ [ 76.87482090228211, 10.945358966440713 ], [ 76.906163094170708, 10.942080751124358 ], [ 76.916157753747584, 10.909675166126684 ], [ 76.875157610414874, 10.944891330064026 ], [ 76.87482090228211, 10.945358966440713 ] ] ] ] } },
{ "type": "Feature", "properties": { "id": 250 }, "geometry": { "type": "MultiPolygon", "coordinates": [ [ [ [ 76.867156224619123, 10.683414181017296 ], [ 76.871458732988316, 10.685292217587536 ], [ 76.8735688229727, 10.68872582189756 ], [ 76.873241428103299, 10.694408364519667 ], [ 76.876757111262577, 10.701109791381311 ], [ 76.885616313093152, 10.713397840923262 ], [ 76.887136184055848, 10.714859591669768 ], [ 76.89267283617805, 10.714253250000295 ], [ 76.895415015274267, 10.715564281912402 ], [ 76.893162817093398, 10.720655764869882 ], [ 76.906143342727063, 10.733139912209255 ], [ 76.927569777465337, 10.723542386879537 ], [ 76.931027487729978, 10.712247759796666 ], [ 76.888253143955367, 10.673337065688701 ], [ 76.867052694069727, 10.682710254407514 ], [ 76.867156224619123, 10.683414181017296 ] ] ] ] } },
{ "type": "Feature", "properties": { "id": 212 }, "geometry": { "type": "MultiPolygon", "coordinates": [ [ [ [ 76.900263266843382, 10.899605054443526 ], [ 76.875157610414874, 10.944891330064026 ], [ 76.916157753747584, 10.909675166126684 ], [ 76.923687938992799, 10.896212938341257 ], [ 76.916644911388204, 10.886038442299681 ], [ 76.916638289825386, 10.88603065392167 ], [ 76.912093526532885, 10.887015002200799 ], [ 76.900263266843382, 10.899605054443526 ] ] ] ] } },
{ "type": "Feature", "properties": { "id": 285 }, "geometry": { "type": "MultiPolygon", "coordinates": [ [ [ [ 76.891874004242553, 11.358174252163939 ], [ 76.892193182091262, 11.364619241472404 ], [ 76.902992682731721, 11.359303108356432 ], [ 76.903169271241396, 11.349225610766698 ], [ 76.908693156570379, 11.347521384135263 ], [ 76.910451168877458, 11.350151198759402 ], [ 76.914809705267615, 11.349540651150708 ], [ 76.917798971422457, 11.35325314005663 ], [ 76.921406067011475, 11.352984170152313 ], [ 76.922085982220807, 11.359585403277016 ], [ 76.927020453504056, 11.356780058640213 ], [ 76.934305051505973, 11.358641314454045 ], [ 76.949043857731724, 11.360173030465845 ], [ 76.952537973274687, 11.361729365030293 ], [ 76.953961291889314, 11.366556228290403 ], [ 76.949484467302739, 11.366613760790731 ], [ 76.941731470285603, 11.365060760289868 ], [ 76.938012945036959, 11.365404391932859 ], [ 76.937160749782308, 11.369484578131546 ], [ 76.933383288504928, 11.370630787706173 ], [ 76.93386975682516, 11.374341191851199 ], [ 76.936723594318977, 11.375442847554218 ], [ 76.938754940550041, 11.373579032850971 ], [ 76.944346750406467, 11.374516246843676 ], [ 76.94799338742132, 11.371428024210722 ], [ 76.951389640005345, 11.374754650400309 ], [ 76.959376541024881, 11.377643073888231 ], [ 76.96424717418752, 11.382662837922231 ], [ 76.965237296566215, 11.382835651374288 ], [ 76.975608254347875, 11.382835651374288 ], [ 76.978309398245656, 11.379959200600657 ], [ 76.980980859945717, 11.378340240686962 ], [ 76.984548530683512, 11.380962676989094 ], [ 76.985485032312681, 11.380413081097133 ], [ 76.985921239767634, 11.378116998967911 ], [ 76.985676582470077, 11.370987248151247 ], [ 76.97806266626533, 11.328876236407771 ], [ 76.960507259376925, 11.324678558635975 ], [ 76.957574765353826, 11.324947981187238 ], [ 76.909461155591529, 11.336454966126286 ], [ 76.890681697650464, 11.356788586772485 ], [ 76.891874004242553, 11.358174252163939 ] ] ] ] } },
{ "type": "Feature", "properties": { "id": 51 }, "geometry": { "type": "MultiPolygon", "coordinates": [ [ [ [ 76.898453315949055, 11.296238199588693 ], [ 76.908931172083342, 11.318838232540081 ], [ 76.925234031547575, 11.292077930951615 ], [ 76.927371818610197, 11.277501135725176 ], [ 76.910188915682951, 11.269885757065799 ], [ 76.898453315949055, 11.296238199588693 ] ] ] ] } },
{ "type": "Feature", "properties": { "id": 18 }, "geometry": { "type": "MultiPolygon", "coordinates": [ [ [ [ 76.893380375949434, 10.809262753235059 ], [ 76.891776904263466, 10.809167100343847 ], [ 76.880071082008101, 10.837663869569001 ], [ 76.883135886685722, 10.839231980334732 ], [ 76.930072254206223, 10.83557482387446 ], [ 76.930566368920609, 10.833631662983931 ], [ 76.908429114617817, 10.81240488055238 ], [ 76.894553314156127, 10.809046767128693 ], [ 76.893380375949434, 10.809262753235059 ] ] ] ] } },
{ "type": "Feature", "properties": { "id": 17 }, "geometry": { "type": "MultiPolygon", "coordinates": [ [ [ [ 76.929553350566707, 11.166700174571172 ], [ 76.928135909508285, 11.186178574418474 ], [ 76.965165842227933, 11.20127814610654 ], [ 76.986954076244146, 11.17203732881736 ], [ 76.983780905150695, 11.157250480774326 ], [ 76.932465110194372, 11.161237509143616 ], [ 76.929553350566707, 11.166700174571172 ] ] ] ] } },
{ "type": "Feature", "properties": { "id": 68 }, "geometry": { "type": "MultiPolygon", "coordinates": [ [ [ [ 76.932465110194372, 11.161237509143616 ], [ 76.932193168169817, 11.154437267457057 ], [ 76.900444850382257, 11.133409101030241 ], [ 76.889362973130417, 11.151377604279347 ], [ 76.929553350566707, 11.166700174571172 ], [ 76.932465110194372, 11.161237509143616 ] ] ] ] } },
{ "type": "Feature", "properties": { "id": 5 }, "geometry": { "type": "MultiPolygon", "coordinates": [ [ [ [ 76.886773272608067, 10.589299600256334 ], [ 76.904397052168463, 10.598242343656239 ], [ 76.937651086376306, 10.581931898589819 ], [ 76.937979106430817, 10.580928887561663 ], [ 76.932172118831446, 10.571629863761975 ], [ 76.928069849333582, 10.568119141599862 ], [ 76.889059441112096, 10.558071008324628 ], [ 76.886773272608067, 10.589299600256334 ] ] ] ] } },
{ "type": "Feature", "properties": { "id": 177 }, "geometry": { "type": "MultiPolygon", "coordinates": [ [ [ [ 76.905432373977874, 10.76877437455324 ], [ 76.908250287940376, 10.77430231785992 ], [ 76.909086147533387, 10.779034586782362 ], [ 76.902975387632196, 10.800374937142861 ], [ 76.899764661780537, 10.808087143956826 ], [ 76.894553314156127, 10.809046767128693 ], [ 76.908429114617817, 10.81240488055238 ], [ 76.930305154899543, 10.789996294380964 ], [ 76.914399858363581, 10.772778716868261 ], [ 76.906814103136284, 10.766486532970482 ], [ 76.905601826002737, 10.766796053669731 ], [ 76.905432373977874, 10.76877437455324 ] ] ] ] } },
{ "type": "Feature", "properties": { "id": 93 }, "geometry": { "type": "MultiPolygon", "coordinates": [ [ [ [ 76.90727433523243, 11.222920910161472 ], [ 76.911150970817843, 11.235373567396827 ], [ 76.948661345204584, 11.245093514535533 ], [ 76.952867445644983, 11.243994471484095 ], [ 76.97122007781141, 11.226498217051997 ], [ 76.968182735435576, 11.218360942732835 ], [ 76.907364729310274, 11.222174429711414 ], [ 76.90727433523243, 11.222920910161472 ] ] ] ] } },
{ "type": "Feature", "properties": { "id": 153 }, "geometry": { "type": "MultiPolygon", "coordinates": [ [ [ [ 76.916638289825386, 10.88603065392167 ], [ 76.916644911388204, 10.886038442299681 ], [ 76.979881074666892, 10.87105428070549 ], [ 76.98225905435099, 10.860684860960715 ], [ 76.93232241996833, 10.854989475232612 ], [ 76.917601572367616, 10.880053323256179 ], [ 76.916638289825386, 10.88603065392167 ] ] ] ] } },
{ "type": "Feature", "properties": { "id": 82 }, "geometry": { "type": "MultiPolygon", "coordinates": [ [ [ [ 76.916157753747584, 10.909675166126684 ], [ 76.906163094170708, 10.942080751124358 ], [ 76.925949749928108, 10.948405561947149 ], [ 76.932083279854652, 10.949563890787704 ], [ 76.946613679521946, 10.926117292346939 ], [ 76.941253171821103, 10.909547035250313 ], [ 76.923687938992799, 10.896212938341257 ], [ 76.916157753747584, 10.909675166126684 ] ] ] ] } },
{ "type": "Feature", "properties": { "id": 256 }, "geometry": { "type": "MultiPolygon", "coordinates": [ [ [ [ 76.917601572367616, 10.880053323256179 ], [ 76.93232241996833, 10.854989475232612 ], [ 76.930072254206223, 10.83557482387446 ], [ 76.883135886685722, 10.839231980334732 ], [ 76.917601572367616, 10.880053323256179 ] ] ] ] } },
{ "type": "Feature", "properties": { "id": 102 }, "geometry": { "type": "MultiPolygon", "coordinates": [ [ [ [ 76.888253143955367, 10.673337065688701 ], [ 76.931027487729978, 10.712247759796666 ], [ 76.953258405159886, 10.711642620274029 ], [ 76.972936082440953, 10.692073349564781 ], [ 76.976277532919966, 10.687978755080813 ], [ 76.89888820928752, 10.661906959230652 ], [ 76.89765021597637, 10.662744968966782 ], [ 76.888253143955367, 10.673337065688701 ] ] ] ] } },
{ "type": "Feature", "properties": { "id": 24 }, "geometry": { "type": "MultiPolygon", "coordinates": [ [ [ [ 76.903466261815879, 11.260706465197236 ], [ 76.910188915682951, 11.269885757065799 ], [ 76.927371818610197, 11.277501135725176 ], [ 76.928760194481924, 11.277238183173161 ], [ 76.948661345204584, 11.245093514535533 ], [ 76.911150970817843, 11.235373567396827 ], [ 76.903466261815879, 11.260706465197236 ] ] ] ] } },
{ "type": "Feature", "properties": { "id": 284 }, "geometry": { "type": "MultiPolygon", "coordinates": [ [ [ [ 76.882769084047354, 10.980809176140797 ], [ 76.913294686988678, 10.980969435127415 ], [ 76.934141763724895, 10.960017843188096 ], [ 76.932083279854652, 10.949563890787704 ], [ 76.925949749928108, 10.948405561947149 ], [ 76.882769084047354, 10.980809176140797 ] ] ] ] } },
{ "type": "Feature", "properties": { "id": 291 }, "geometry": { "type": "MultiPolygon", "coordinates": [ [ [ [ 76.896120779392376, 10.475686578578577 ], [ 76.912206897375441, 10.475380242291894 ], [ 76.933314739259515, 10.46309535832015 ], [ 76.934902023095461, 10.454155989697179 ], [ 76.924929574382503, 10.401920887639154 ], [ 76.919431067421158, 10.408113474884461 ], [ 76.896120779392376, 10.475686578578577 ] ] ] ] } },
{ "type": "Feature", "properties": { "id": 89 }, "geometry": { "type": "MultiPolygon", "coordinates": [ [ [ [ 76.908613019064404, 10.650541460889004 ], [ 76.913309425042257, 10.648264667585263 ], [ 76.939413307474553, 10.587547154730141 ], [ 76.937651086376306, 10.581931898589819 ], [ 76.904397052168463, 10.598242343656239 ], [ 76.908613019064404, 10.650541460889004 ] ] ] ] } },
{ "type": "Feature", "properties": { "id": 178 }, "geometry": { "type": "MultiPolygon", "coordinates": [ [ [ [ 76.932407770527803, 10.383312823278821 ], [ 76.964588668264838, 10.38250614018053 ], [ 76.973971473837864, 10.324810862386601 ], [ 76.930077441581304, 10.320542475362489 ], [ 76.927522163953839, 10.378849000613897 ], [ 76.932407770527803, 10.383312823278821 ] ] ] ] } },
{ "type": "Feature", "properties": { "id": 175 }, "geometry": { "type": "MultiPolygon", "coordinates": [ [ [ [ 76.897438871795671, 10.263293444814027 ], [ 76.889847032572661, 10.264495589234468 ], [ 76.886188848569759, 10.269010340630162 ], [ 76.897213899401692, 10.304830193277427 ], [ 76.927443969301692, 10.305964268604118 ], [ 76.939086199909269, 10.289926486177635 ], [ 76.901971427960959, 10.255788561409346 ], [ 76.897438871795671, 10.263293444814027 ] ] ] ] } },
{ "type": "Feature", "properties": { "id": 228 }, "geometry": { "type": "MultiPolygon", "coordinates": [ [ [ [ 76.915264540523339, 11.073733624958818 ], [ 76.91853642281302, 11.072909962389147 ], [ 76.929417428560058, 11.044341583204178 ], [ 76.906992916109715, 11.04423149872229 ], [ 76.915264540523339, 11.073733624958818 ] ] ] ] } },
{ "type": "Feature", "properties": { "id": 16 }, "geometry": { "type": "MultiPolygon", "coordinates": [ [ [ [ 76.900444850382257, 11.133409101030241 ], [ 76.932193168169817, 11.154437267457057 ], [ 76.94078459186909, 11.126472273749521 ], [ 76.93799715497407, 11.123248028819249 ], [ 76.910811073294198, 11.11924865327483 ], [ 76.902247024737136, 11.124367903027606 ], [ 76.900444850382257, 11.133409101030241 ] ] ] ] } },
{ "type": "Feature", "properties": { "id": 97 }, "geometry": { "type": "MultiPolygon", "coordinates": [ [ [ [ 76.89888820928752, 10.661906959230652 ], [ 76.976277532919966, 10.687978755080813 ], [ 76.989180631562817, 10.680906443991585 ], [ 76.985996269659012, 10.676275203089418 ], [ 76.944589207030404, 10.639170601737179 ], [ 76.913309425042257, 10.648264667585263 ], [ 76.908613019064404, 10.650541460889004 ], [ 76.89888820928752, 10.661906959230652 ] ] ] ] } },
{ "type": "Feature", "properties": { "id": 114 }, "geometry": { "type": "MultiPolygon", "coordinates": [ [ [ [ 76.904285818807381, 11.043768162360644 ], [ 76.906992916109715, 11.04423149872229 ], [ 76.929417428560058, 11.044341583204178 ], [ 76.952112896072919, 11.034685641587641 ], [ 76.952671913185043, 11.033065742583581 ], [ 76.946323536885899, 11.014708233305633 ], [ 76.935812233685539, 11.010802337855843 ], [ 76.888455374436958, 11.016911547385321 ], [ 76.904285818807381, 11.043768162360644 ] ] ] ] } },
{ "type": "Feature", "properties": { "id": 164 }, "geometry": { "type": "MultiPolygon", "coordinates": [ [ [ [ 76.930566368920609, 10.833631662983931 ], [ 76.934371680567068, 10.829956694381725 ], [ 76.942776235773309, 10.795436189952829 ], [ 76.942280776837009, 10.79489184794112 ], [ 76.930305154899543, 10.789996294380964 ], [ 76.908429114617817, 10.81240488055238 ], [ 76.930566368920609, 10.833631662983931 ] ] ] ] } },
{ "type": "Feature", "properties": { "id": 22 }, "geometry": { "type": "MultiPolygon", "coordinates": [ [ [ [ 76.900086357931087, 11.081101147034772 ], [ 76.911925471037989, 11.097448755742864 ], [ 76.920027392978326, 11.095752648869613 ], [ 76.9356275403822, 11.080752700689441 ], [ 76.91853642281302, 11.072909962389147 ], [ 76.915264540523339, 11.073733624958818 ], [ 76.900086357931087, 11.081101147034772 ] ] ] ] } },
{ "type": "Feature", "properties": { "id": 80 }, "geometry": { "type": "MultiPolygon", "coordinates": [ [ [ [ 76.907645575325319, 10.765331176145422 ], [ 76.93003282503804, 10.748782672942911 ], [ 76.927569777465337, 10.723542386879537 ], [ 76.906143342727063, 10.733139912209255 ], [ 76.907645575325319, 10.765331176145422 ] ] ] ] } },
{ "type": "Feature", "properties": { "id": 152 }, "geometry": { "type": "MultiPolygon", "coordinates": [ [ [ [ 76.909461155591529, 11.336454966126286 ], [ 76.957574765353826, 11.324947981187238 ], [ 76.925234031547575, 11.292077930951615 ], [ 76.908931172083342, 11.318838232540081 ], [ 76.909461155591529, 11.336454966126286 ] ] ] ] } },
{ "type": "Feature", "properties": { "id": 122 }, "geometry": { "type": "MultiPolygon", "coordinates": [ [ [ [ 76.924929574382503, 10.401920887639154 ], [ 76.934902023095461, 10.454155989697179 ], [ 76.951614672642833, 10.444879038513747 ], [ 76.926399260239961, 10.399285368421316 ], [ 76.924929574382503, 10.401920887639154 ] ] ] ] } },
{ "type": "Feature", "properties": { "id": 19 }, "geometry": { "type": "MultiPolygon", "coordinates": [ [ [ [ 76.935812233685539, 11.010802337855843 ], [ 76.946323536885899, 11.014708233305633 ], [ 76.959724516653878, 10.985917869745895 ], [ 76.959086069456887, 10.981642499477857 ], [ 76.934141763724895, 10.960017843188096 ], [ 76.913294686988678, 10.980969435127415 ], [ 76.935812233685539, 11.010802337855843 ] ] ] ] } },
{ "type": "Feature", "properties": { "id": 118 }, "geometry": { "type": "MultiPolygon", "coordinates": [ [ [ [ 76.906814103136284, 10.766486532970482 ], [ 76.914399858363581, 10.772778716868261 ], [ 76.949896200716978, 10.767848123861446 ], [ 76.958887955689875, 10.752639925305976 ], [ 76.93003282503804, 10.748782672942911 ], [ 76.907645575325319, 10.765331176145422 ], [ 76.906814103136284, 10.766486532970482 ] ] ] ] } },
{ "type": "Feature", "properties": { "id": 207 }, "geometry": { "type": "MultiPolygon", "coordinates": [ [ [ [ 76.930072254206223, 10.83557482387446 ], [ 76.93232241996833, 10.854989475232612 ], [ 76.98225905435099, 10.860684860960715 ], [ 76.994003296118123, 10.848076262850324 ], [ 76.993305485289042, 10.840633462546153 ], [ 76.964931038255884, 10.827344430895437 ], [ 76.934371680567068, 10.829956694381725 ], [ 76.930566368920609, 10.833631662983931 ], [ 76.930072254206223, 10.83557482387446 ] ] ] ] } },
{ "type": "Feature", "properties": { "id": 236 }, "geometry": { "type": "MultiPolygon", "coordinates": [ [ [ [ 76.905745348683411, 11.201198215362391 ], [ 76.907364729310274, 11.222174429711414 ], [ 76.968182735435576, 11.218360942732835 ], [ 76.965165842227933, 11.20127814610654 ], [ 76.928135909508285, 11.186178574418474 ], [ 76.905745348683411, 11.201198215362391 ] ] ] ] } },
{ "type": "Feature", "properties": { "id": 283 }, "geometry": { "type": "MultiPolygon", "coordinates": [ [ [ [ 76.9356275403822, 11.080752700689441 ], [ 76.951646591605538, 11.081262700104677 ], [ 76.961569394947176, 11.075301078279564 ], [ 76.952112896072919, 11.034685641587641 ], [ 76.929417428560058, 11.044341583204178 ], [ 76.91853642281302, 11.072909962389147 ], [ 76.9356275403822, 11.080752700689441 ] ] ] ] } },
{ "type": "Feature", "properties": { "id": 52 }, "geometry": { "type": "MultiPolygon", "coordinates": [ [ [ [ 76.910811073294198, 11.11924865327483 ], [ 76.93799715497407, 11.123248028819249 ], [ 76.939810061212697, 11.106455822275661 ], [ 76.920027392978326, 11.095752648869613 ], [ 76.911925471037989, 11.097448755742864 ], [ 76.910811073294198, 11.11924865327483 ] ] ] ] } },
{ "type": "Feature", "properties": { "id": 66 }, "geometry": { "type": "MultiPolygon", "coordinates": [ [ [ [ 76.920027392978326, 11.095752648869613 ], [ 76.939810061212697, 11.106455822275661 ], [ 76.951646591605538, 11.081262700104677 ], [ 76.9356275403822, 11.080752700689441 ], [ 76.920027392978326, 11.095752648869613 ] ] ] ] } },
{ "type": "Feature", "properties": { "id": 257 }, "geometry": { "type": "MultiPolygon", "coordinates": [ [ [ [ 76.918628991999327, 10.527998820434647 ], [ 76.949056162784501, 10.52483082186771 ], [ 76.949749199694651, 10.524527625792103 ], [ 76.940960864913308, 10.499709743174209 ], [ 76.93751889809522, 10.496404009189908 ], [ 76.905391980309048, 10.522949394373512 ], [ 76.918628991999327, 10.527998820434647 ] ] ] ] } },
{ "type": "Feature", "properties": { "id": 277 }, "geometry": { "type": "MultiPolygon", "coordinates": [ [ [ [ 76.932172118831446, 10.571629863761975 ], [ 76.949056162784501, 10.52483082186771 ], [ 76.918628991999327, 10.527998820434647 ], [ 76.928069849333582, 10.568119141599862 ], [ 76.932172118831446, 10.571629863761975 ] ] ] ] } },
{ "type": "Feature", "properties": { "id": 14 }, "geometry": { "type": "MultiPolygon", "coordinates": [ [ [ [ 76.912206897375441, 10.475380242291894 ], [ 76.934761293407405, 10.491802634141248 ], [ 76.955910953530349, 10.474657556494748 ], [ 76.955325564387522, 10.468077547902229 ], [ 76.933314739259515, 10.46309535832015 ], [ 76.912206897375441, 10.475380242291894 ] ] ] ] } },
{ "type": "Feature", "properties": { "id": 150 }, "geometry": { "type": "MultiPolygon", "coordinates": [ [ [ [ 76.930077441581304, 10.320542475362489 ], [ 76.973971473837864, 10.324810862386601 ], [ 76.974282592489445, 10.324100398584017 ], [ 76.974773706510064, 10.316725725203922 ], [ 76.966716966979902, 10.291492304808383 ], [ 76.946885198999311, 10.28683190335494 ], [ 76.939086199909269, 10.289926486177635 ], [ 76.927443969301692, 10.305964268604118 ], [ 76.930077441581304, 10.320542475362489 ] ] ] ] } },
{ "type": "Feature", "properties": { "id": 144 }, "geometry": { "type": "MultiPolygon", "coordinates": [ [ [ [ 76.937979106430817, 10.580928887561663 ], [ 76.967231468997497, 10.569463879751178 ], [ 76.971754015386125, 10.558722931398437 ], [ 76.973147110558187, 10.545475969084681 ], [ 76.969859781027566, 10.527271168802958 ], [ 76.949749199694651, 10.524527625792103 ], [ 76.949056162784501, 10.52483082186771 ], [ 76.932172118831446, 10.571629863761975 ], [ 76.937979106430817, 10.580928887561663 ] ] ] ] } },
{ "type": "Feature", "properties": { "id": 189 }, "geometry": { "type": "MultiPolygon", "coordinates": [ [ [ [ 76.932193168169817, 11.154437267457057 ], [ 76.932465110194372, 11.161237509143616 ], [ 76.983780905150695, 11.157250480774326 ], [ 76.987977199282753, 11.130310742107918 ], [ 76.94078459186909, 11.126472273749521 ], [ 76.932193168169817, 11.154437267457057 ] ] ] ] } },
{ "type": "Feature", "properties": { "id": 225 }, "geometry": { "type": "MultiPolygon", "coordinates": [ [ [ [ 76.94078459186909, 11.126472273749521 ], [ 76.987977199282753, 11.130310742107918 ], [ 76.993972931715334, 11.122984836605713 ], [ 76.997202522338213, 11.099666145283352 ], [ 76.994999563876576, 11.094044365925033 ], [ 76.961569394947176, 11.075301078279564 ], [ 76.951646591605538, 11.081262700104677 ], [ 76.939810061212697, 11.106455822275661 ], [ 76.93799715497407, 11.123248028819249 ], [ 76.94078459186909, 11.126472273749521 ] ] ] ] } },
{ "type": "Feature", "properties": { "id": 260 }, "geometry": { "type": "MultiPolygon", "coordinates": [ [ [ [ 76.934141763724895, 10.960017843188096 ], [ 76.959086069456887, 10.981642499477857 ], [ 76.973999341163292, 10.961068238767531 ], [ 76.958885500743179, 10.930607815663427 ], [ 76.946613679521946, 10.926117292346939 ], [ 76.932083279854652, 10.949563890787704 ], [ 76.934141763724895, 10.960017843188096 ] ] ] ] } },
{ "type": "Feature", "properties": { "id": 297 }, "geometry": { "type": "MultiPolygon", "coordinates": [ [ [ [ 76.925234031547575, 11.292077930951615 ], [ 76.957574765353826, 11.324947981187238 ], [ 76.960507259376925, 11.324678558635975 ], [ 76.953091899251007, 11.305959956068893 ], [ 76.934848919561304, 11.279437674893721 ], [ 76.928760194481924, 11.277238183173161 ], [ 76.927371818610197, 11.277501135725176 ], [ 76.925234031547575, 11.292077930951615 ] ] ] ] } },
{ "type": "Feature", "properties": { "id": 246 }, "geometry": { "type": "MultiPolygon", "coordinates": [ [ [ [ 76.928760194481924, 11.277238183173161 ], [ 76.934848919561304, 11.279437674893721 ], [ 76.955458401881742, 11.276630042342099 ], [ 76.957981559747935, 11.275307827745868 ], [ 76.960109601563559, 11.268600956285942 ], [ 76.952867445644983, 11.243994471484095 ], [ 76.948661345204584, 11.245093514535533 ], [ 76.928760194481924, 11.277238183173161 ] ] ] ] } },
{ "type": "Feature", "properties": { "id": 280 }, "geometry": { "type": "MultiPolygon", "coordinates": [ [ [ [ 77.006947836596865, 10.236195779551341 ], [ 77.004660953322599, 10.23147041827713 ], [ 77.001202587314722, 10.2289084458559 ], [ 76.963711337703046, 10.2289084458559 ], [ 76.958962967694418, 10.23114197552329 ], [ 76.952285596909888, 10.229451923131107 ], [ 76.948998938525037, 10.231868819218601 ], [ 76.950964831970836, 10.235131303064051 ], [ 76.99666410273214, 10.255709384406583 ], [ 77.008089025561318, 10.237102511932193 ], [ 77.006947836596865, 10.236195779551341 ] ] ] ] } },
{ "type": "Feature", "properties": { "id": 244 }, "geometry": { "type": "MultiPolygon", "coordinates": [ [ [ [ 76.952671913185043, 11.033065742583581 ], [ 76.968754129802761, 11.03119942222013 ], [ 76.994846182748049, 11.016556742161741 ], [ 76.996129676320123, 11.005937980005831 ], [ 76.994534146141888, 10.99286888857832 ], [ 76.959724516653878, 10.985917869745895 ], [ 76.946323536885899, 11.014708233305633 ], [ 76.952671913185043, 11.033065742583581 ] ] ] ] } },
{ "type": "Feature", "properties": { "id": 204 }, "geometry": { "type": "MultiPolygon", "coordinates": [ [ [ [ 76.913309425042257, 10.648264667585263 ], [ 76.944589207030404, 10.639170601737179 ], [ 76.954497190357813, 10.625552730506969 ], [ 76.945703449240995, 10.597932743716086 ], [ 76.939413307474553, 10.587547154730141 ], [ 76.913309425042257, 10.648264667585263 ] ] ] ] } },
{ "type": "Feature", "properties": { "id": 123 }, "geometry": { "type": "MultiPolygon", "coordinates": [ [ [ [ 76.93751889809522, 10.496404009189908 ], [ 76.940960864913308, 10.499709743174209 ], [ 76.96241641340778, 10.487207300826716 ], [ 76.955910953530349, 10.474657556494748 ], [ 76.934761293407405, 10.491802634141248 ], [ 76.93751889809522, 10.496404009189908 ] ] ] ] } },
{ "type": "Feature", "properties": { "id": 184 }, "geometry": { "type": "MultiPolygon", "coordinates": [ [ [ [ 76.93003282503804, 10.748782672942911 ], [ 76.958887955689875, 10.752639925305976 ], [ 76.96285901051715, 10.751270434996945 ], [ 76.963920154196472, 10.748236507834424 ], [ 76.953258405159886, 10.711642620274029 ], [ 76.931027487729978, 10.712247759796666 ], [ 76.927569777465337, 10.723542386879537 ], [ 76.93003282503804, 10.748782672942911 ] ] ] ] } },
{ "type": "Feature", "properties": { "id": 162 }, "geometry": { "type": "MultiPolygon", "coordinates": [ [ [ [ 76.930305154899543, 10.789996294380964 ], [ 76.942280776837009, 10.79489184794112 ], [ 76.949896200716978, 10.767848123861446 ], [ 76.914399858363581, 10.772778716868261 ], [ 76.930305154899543, 10.789996294380964 ] ] ] ] } },
{ "type": "Feature", "properties": { "id": 185 }, "geometry": { "type": "MultiPolygon", "coordinates": [ [ [ [ 76.937651086376306, 10.581931898589819 ], [ 76.939413307474553, 10.587547154730141 ], [ 76.945703449240995, 10.597932743716086 ], [ 76.985260153142562, 10.603962878677484 ], [ 76.991848828424466, 10.595938570974898 ], [ 76.967231468997497, 10.569463879751178 ], [ 76.937979106430817, 10.580928887561663 ], [ 76.937651086376306, 10.581931898589819 ] ] ] ] } },
{ "type": "Feature", "properties": { "id": 222 }, "geometry": { "type": "MultiPolygon", "coordinates": [ [ [ [ 76.923687938992799, 10.896212938341257 ], [ 76.941253171821103, 10.909547035250313 ], [ 76.978416721253225, 10.88694762261496 ], [ 76.979881074666892, 10.87105428070549 ], [ 76.916644911388204, 10.886038442299681 ], [ 76.923687938992799, 10.896212938341257 ] ] ] ] } },
{ "type": "Feature", "properties": { "id": 180 }, "geometry": { "type": "MultiPolygon", "coordinates": [ [ [ [ 76.949896200716978, 10.767848123861446 ], [ 76.942280776837009, 10.79489184794112 ], [ 76.942776235773309, 10.795436189952829 ], [ 76.957785581310318, 10.796835674406077 ], [ 76.990455497704815, 10.784650684168509 ], [ 76.96285901051715, 10.751270434996945 ], [ 76.958887955689875, 10.752639925305976 ], [ 76.949896200716978, 10.767848123861446 ] ] ] ] } },
{ "type": "Feature", "properties": { "id": 76 }, "geometry": { "type": "MultiPolygon", "coordinates": [ [ [ [ 76.955325564387522, 10.468077547902229 ], [ 76.96563692627565, 10.458133563684592 ], [ 76.965809696496208, 10.452540119359986 ], [ 76.951614672642833, 10.444879038513747 ], [ 76.934902023095461, 10.454155989697179 ], [ 76.933314739259515, 10.46309535832015 ], [ 76.955325564387522, 10.468077547902229 ] ] ] ] } },
{ "type": "Feature", "properties": { "id": 15 }, "geometry": { "type": "MultiPolygon", "coordinates": [ [ [ [ 76.934371680567068, 10.829956694381725 ], [ 76.964931038255884, 10.827344430895437 ], [ 76.957785581310318, 10.796835674406077 ], [ 76.942776235773309, 10.795436189952829 ], [ 76.934371680567068, 10.829956694381725 ] ] ] ] } },
{ "type": "Feature", "properties": { "id": 101 }, "geometry": { "type": "MultiPolygon", "coordinates": [ [ [ [ 77.005573657963311, 11.269646901874207 ], [ 77.056322479709578, 11.248242520786002 ], [ 77.061664205051727, 11.242073848011007 ], [ 77.062304797954539, 11.240064759679012 ], [ 77.028618637174446, 11.209337550857322 ], [ 76.99311548481306, 11.236883479909654 ], [ 77.002867526730796, 11.265173366131656 ], [ 77.005573657963311, 11.269646901874207 ] ] ] ] } },
{ "type": "Feature", "properties": { "id": 38 }, "geometry": { "type": "MultiPolygon", "coordinates": [ [ [ [ 77.002867526730796, 11.265173366131656 ], [ 76.960109601563559, 11.268600956285942 ], [ 76.957981559747935, 11.275307827745868 ], [ 76.995106765455887, 11.30907843845806 ], [ 76.997007597970594, 11.307665294868244 ], [ 77.005583096173709, 11.275150873222936 ], [ 77.005573657963311, 11.269646901874207 ], [ 77.002867526730796, 11.265173366131656 ] ] ] ] } },
{ "type": "Feature", "properties": { "id": 85 }, "geometry": { "type": "MultiPolygon", "coordinates": [ [ [ [ 76.926399260239961, 10.399285368421316 ], [ 76.951614672642833, 10.444879038513747 ], [ 76.965809696496208, 10.452540119359986 ], [ 76.974456675107547, 10.437244070694826 ], [ 76.978358559182155, 10.425780801818176 ], [ 76.967327551180617, 10.383498614540809 ], [ 76.964588668264838, 10.38250614018053 ], [ 76.932407770527803, 10.383312823278821 ], [ 76.926399260239961, 10.399285368421316 ] ] ] ] } },
{ "type": "Feature", "properties": { "id": 209 }, "geometry": { "type": "MultiPolygon", "coordinates": [ [ [ [ 76.96241641340778, 10.487207300826716 ], [ 76.987441966208749, 10.504603816607045 ], [ 76.989550835455134, 10.501950251365383 ], [ 76.989201627142677, 10.471728618489538 ], [ 76.96563692627565, 10.458133563684592 ], [ 76.955325564387522, 10.468077547902229 ], [ 76.955910953530349, 10.474657556494748 ], [ 76.96241641340778, 10.487207300826716 ] ] ] ] } },
{ "type": "Feature", "properties": { "id": 217 }, "geometry": { "type": "MultiPolygon", "coordinates": [ [ [ [ 76.953091899251007, 11.305959956068893 ], [ 76.955458401881742, 11.276630042342099 ], [ 76.934848919561304, 11.279437674893721 ], [ 76.953091899251007, 11.305959956068893 ] ] ] ] } },
{ "type": "Feature", "properties": { "id": 221 }, "geometry": { "type": "MultiPolygon", "coordinates": [ [ [ [ 76.969859781027566, 10.527271168802958 ], [ 76.985841288618118, 10.511108604731932 ], [ 76.987441966208749, 10.504603816607045 ], [ 76.96241641340778, 10.487207300826716 ], [ 76.940960864913308, 10.499709743174209 ], [ 76.949749199694651, 10.524527625792103 ], [ 76.969859781027566, 10.527271168802958 ] ] ] ] } },
{ "type": "Feature", "properties": { "id": 238 }, "geometry": { "type": "MultiPolygon", "coordinates": [ [ [ [ 76.972936082440953, 10.692073349564781 ], [ 76.980402781908481, 10.738634396336037 ], [ 77.012480827853594, 10.728369708709854 ], [ 77.012793088980516, 10.727838373350908 ], [ 76.9981001083179, 10.681648195733125 ], [ 76.989180631562817, 10.680906443991585 ], [ 76.976277532919966, 10.687978755080813 ], [ 76.972936082440953, 10.692073349564781 ] ] ] ] } },
{ "type": "Feature", "properties": { "id": 167 }, "geometry": { "type": "MultiPolygon", "coordinates": [ [ [ [ 76.97122007781141, 11.226498217051997 ], [ 76.99311548481306, 11.236883479909654 ], [ 77.028618637174446, 11.209337550857322 ], [ 77.028644043598305, 11.19875216211646 ], [ 77.026078906093034, 11.189237789782576 ], [ 76.986954076244146, 11.17203732881736 ], [ 76.965165842227933, 11.20127814610654 ], [ 76.968182735435576, 11.218360942732835 ], [ 76.97122007781141, 11.226498217051997 ] ] ] ] } },
{ "type": "Feature", "properties": { "id": 55 }, "geometry": { "type": "MultiPolygon", "coordinates": [ [ [ [ 76.954497190357813, 10.625552730506969 ], [ 76.976358571713476, 10.621797420955962 ], [ 76.976537162695024, 10.621665018534532 ], [ 76.985260153142562, 10.603962878677484 ], [ 76.945703449240995, 10.597932743716086 ], [ 76.954497190357813, 10.625552730506969 ] ] ] ] } },
{ "type": "Feature", "properties": { "id": 64 }, "geometry": { "type": "MultiPolygon", "coordinates": [ [ [ [ 76.960109601563559, 11.268600956285942 ], [ 77.002867526730796, 11.265173366131656 ], [ 76.99311548481306, 11.236883479909654 ], [ 76.97122007781141, 11.226498217051997 ], [ 76.952867445644983, 11.243994471484095 ], [ 76.960109601563559, 11.268600956285942 ] ] ] ] } },
{ "type": "Feature", "properties": { "id": 240 }, "geometry": { "type": "MultiPolygon", "coordinates": [ [ [ [ 76.960507259376925, 11.324678558635975 ], [ 76.97806266626533, 11.328876236407771 ], [ 76.995106765455887, 11.30907843845806 ], [ 76.957981559747935, 11.275307827745868 ], [ 76.955458401881742, 11.276630042342099 ], [ 76.953091899251007, 11.305959956068893 ], [ 76.960507259376925, 11.324678558635975 ] ] ] ] } },
{ "type": "Feature", "properties": { "id": 103 }, "geometry": { "type": "MultiPolygon", "coordinates": [ [ [ [ 76.959724516653878, 10.985917869745895 ], [ 76.994534146141888, 10.99286888857832 ], [ 77.015493325942629, 10.97291528397632 ], [ 77.013698260106665, 10.951833091212066 ], [ 76.973999341163292, 10.961068238767531 ], [ 76.959086069456887, 10.981642499477857 ], [ 76.959724516653878, 10.985917869745895 ] ] ] ] } },
{ "type": "Feature", "properties": { "id": 196 }, "geometry": { "type": "MultiPolygon", "coordinates": [ [ [ [ 76.979881074666892, 10.87105428070549 ], [ 76.978416721253225, 10.88694762261496 ], [ 77.006583426546399, 10.921051290193748 ], [ 77.010250080539748, 10.922645833666291 ], [ 77.0158152282998, 10.911429915898713 ], [ 77.013557641873064, 10.858151198706095 ], [ 76.994003296118123, 10.848076262850324 ], [ 76.98225905435099, 10.860684860960715 ], [ 76.979881074666892, 10.87105428070549 ] ] ] ] } },
{ "type": "Feature", "properties": { "id": 60 }, "geometry": { "type": "MultiPolygon", "coordinates": [ [ [ [ 76.96563692627565, 10.458133563684592 ], [ 76.989201627142677, 10.471728618489538 ], [ 76.993962902068176, 10.466700716959492 ], [ 76.995800023870828, 10.461676421360783 ], [ 76.974456675107547, 10.437244070694826 ], [ 76.965809696496208, 10.452540119359986 ], [ 76.96563692627565, 10.458133563684592 ] ] ] ] } },
{ "type": "Feature", "properties": { "id": 190 }, "geometry": { "type": "MultiPolygon", "coordinates": [ [ [ [ 76.973999341163292, 10.961068238767531 ], [ 77.013698260106665, 10.951833091212066 ], [ 77.019264096546735, 10.938252785118573 ], [ 77.010250080539748, 10.922645833666291 ], [ 77.006583426546399, 10.921051290193748 ], [ 76.958885500743179, 10.930607815663427 ], [ 76.973999341163292, 10.961068238767531 ] ] ] ] } },
{ "type": "Feature", "properties": { "id": 56 }, "geometry": { "type": "MultiPolygon", "coordinates": [ [ [ [ 76.983780905150695, 11.157250480774326 ], [ 76.986954076244146, 11.17203732881736 ], [ 77.026078906093034, 11.189237789782576 ], [ 77.041710340128688, 11.16704251676131 ], [ 77.037814049253399, 11.145815745874499 ], [ 77.029372301509071, 11.13957358863242 ], [ 76.993972931715334, 11.122984836605713 ], [ 76.987977199282753, 11.130310742107918 ], [ 76.983780905150695, 11.157250480774326 ] ] ] ] } },
{ "type": "Feature", "properties": { "id": 11 }, "geometry": { "type": "MultiPolygon", "coordinates": [ [ [ [ 76.944589207030404, 10.639170601737179 ], [ 76.985996269659012, 10.676275203089418 ], [ 76.976358571713476, 10.621797420955962 ], [ 76.954497190357813, 10.625552730506969 ], [ 76.944589207030404, 10.639170601737179 ] ] ] ] } },
{ "type": "Feature", "properties": { "id": 148 }, "geometry": { "type": "MultiPolygon", "coordinates": [ [ [ [ 76.973971473837864, 10.324810862386601 ], [ 76.964588668264838, 10.38250614018053 ], [ 76.967327551180617, 10.383498614540809 ], [ 77.001426106392813, 10.379358621274209 ], [ 77.000504846029315, 10.328520084682152 ], [ 76.974282592489445, 10.324100398584017 ], [ 76.973971473837864, 10.324810862386601 ] ] ] ] } },
{ "type": "Feature", "properties": { "id": 234 }, "geometry": { "type": "MultiPolygon", "coordinates": [ [ [ [ 76.964931038255884, 10.827344430895437 ], [ 76.993305485289042, 10.840633462546153 ], [ 77.007537085033704, 10.802500220637247 ], [ 76.998389039189973, 10.787308069996003 ], [ 76.990455497704815, 10.784650684168509 ], [ 76.957785581310318, 10.796835674406077 ], [ 76.964931038255884, 10.827344430895437 ] ] ] ] } },
{ "type": "Feature", "properties": { "id": 224 }, "geometry": { "type": "MultiPolygon", "coordinates": [ [ [ [ 76.946613679521946, 10.926117292346939 ], [ 76.958885500743179, 10.930607815663427 ], [ 77.006583426546399, 10.921051290193748 ], [ 76.978416721253225, 10.88694762261496 ], [ 76.941253171821103, 10.909547035250313 ], [ 76.946613679521946, 10.926117292346939 ] ] ] ] } },
{ "type": "Feature", "properties": { "id": 136 }, "geometry": { "type": "MultiPolygon", "coordinates": [ [ [ [ 76.953258405159886, 10.711642620274029 ], [ 76.963920154196472, 10.748236507834424 ], [ 76.980402781908481, 10.738634396336037 ], [ 76.972936082440953, 10.692073349564781 ], [ 76.953258405159886, 10.711642620274029 ] ] ] ] } },
{ "type": "Feature", "properties": { "id": 200 }, "geometry": { "type": "MultiPolygon", "coordinates": [ [ [ [ 76.971754015386125, 10.558722931398437 ], [ 77.009338694800022, 10.565492219880543 ], [ 77.010668853322059, 10.556566045643624 ], [ 77.005016976248967, 10.54974882743587 ], [ 76.973147110558187, 10.545475969084681 ], [ 76.971754015386125, 10.558722931398437 ] ] ] ] } },
{ "type": "Feature", "properties": { "id": 286 }, "geometry": { "type": "MultiPolygon", "coordinates": [ [ [ [ 76.976358571713476, 10.621797420955962 ], [ 76.985996269659012, 10.676275203089418 ], [ 76.989180631562817, 10.680906443991585 ], [ 76.9981001083179, 10.681648195733125 ], [ 77.007562338023789, 10.675050343579752 ], [ 77.013927636963317, 10.662490487318689 ], [ 77.00936879549873, 10.638092211330138 ], [ 76.976537162695024, 10.621665018534532 ], [ 76.976358571713476, 10.621797420955962 ] ] ] ] } },
{ "type": "Feature", "properties": { "id": 98 }, "geometry": { "type": "MultiPolygon", "coordinates": [ [ [ [ 76.966716966979902, 10.291492304808383 ], [ 76.996723013776844, 10.273724051802052 ], [ 76.998168050446495, 10.271319715611643 ], [ 76.99666410273214, 10.255709384406583 ], [ 76.950964831970836, 10.235131303064051 ], [ 76.946885198999311, 10.28683190335494 ], [ 76.966716966979902, 10.291492304808383 ] ] ] ] } },
{ "type": "Feature", "properties": { "id": 210 }, "geometry": { "type": "MultiPolygon", "coordinates": [ [ [ [ 76.963920154196472, 10.748236507834424 ], [ 76.96285901051715, 10.751270434996945 ], [ 76.990455497704815, 10.784650684168509 ], [ 76.998389039189973, 10.787308069996003 ], [ 77.010399796488656, 10.764404265801256 ], [ 77.012480827853594, 10.728369708709854 ], [ 76.980402781908481, 10.738634396336037 ], [ 76.963920154196472, 10.748236507834424 ] ] ] ] } },
{ "type": "Feature", "properties": { "id": 3 }, "geometry": { "type": "MultiPolygon", "coordinates": [ [ [ [ 76.952112896072919, 11.034685641587641 ], [ 76.961569394947176, 11.075301078279564 ], [ 76.994999563876576, 11.094044365925033 ], [ 76.997754291997808, 11.088443635351812 ], [ 77.001091696316749, 11.049908974591363 ], [ 76.968754129802761, 11.03119942222013 ], [ 76.952671913185043, 11.033065742583581 ], [ 76.952112896072919, 11.034685641587641 ] ] ] ] } },
{ "type": "Feature", "properties": { "id": 86 }, "geometry": { "type": "MultiPolygon", "coordinates": [ [ [ [ 76.967231468997497, 10.569463879751178 ], [ 76.991848828424466, 10.595938570974898 ], [ 77.018998817903793, 10.594549722213852 ], [ 77.009338694800022, 10.565492219880543 ], [ 76.971754015386125, 10.558722931398437 ], [ 76.967231468997497, 10.569463879751178 ] ] ] ] } },
{ "type": "Feature", "properties": { "id": 129 }, "geometry": { "type": "MultiPolygon", "coordinates": [ [ [ [ 76.974456675107547, 10.437244070694826 ], [ 76.995800023870828, 10.461676421360783 ], [ 77.00143343341071, 10.453359435372022 ], [ 77.005333171476153, 10.44220792219974 ], [ 76.978358559182155, 10.425780801818176 ], [ 76.974456675107547, 10.437244070694826 ] ] ] ] } },
{ "type": "Feature", "properties": { "id": 299 }, "geometry": { "type": "MultiPolygon", "coordinates": [ [ [ [ 76.989201627142677, 10.471728618489538 ], [ 76.989550835455134, 10.501950251365383 ], [ 77.024128723324012, 10.492087880747791 ], [ 77.026951004390426, 10.485275223747239 ], [ 77.024851873916333, 10.472428375102242 ], [ 76.993962902068176, 10.466700716959492 ], [ 76.989201627142677, 10.471728618489538 ] ] ] ] } },
{ "type": "Feature", "properties": { "id": 219 }, "geometry": { "type": "MultiPolygon", "coordinates": [ [ [ [ 76.995106765455887, 11.30907843845806 ], [ 76.97806266626533, 11.328876236407771 ], [ 76.985676582470077, 11.370987248151247 ], [ 77.02764670643424, 11.345748221055311 ], [ 77.024293736455334, 11.315719702359607 ], [ 76.997007597970594, 11.307665294868244 ], [ 76.995106765455887, 11.30907843845806 ] ] ] ] } },
{ "type": "Feature", "properties": { "id": 205 }, "geometry": { "type": "MultiPolygon", "coordinates": [ [ [ [ 76.976537162695024, 10.621665018534532 ], [ 77.00936879549873, 10.638092211330138 ], [ 77.021114494473807, 10.595504543832396 ], [ 77.018998817903793, 10.594549722213852 ], [ 76.991848828424466, 10.595938570974898 ], [ 76.985260153142562, 10.603962878677484 ], [ 76.976537162695024, 10.621665018534532 ] ] ] ] } },
{ "type": "Feature", "properties": { "id": 50 }, "geometry": { "type": "MultiPolygon", "coordinates": [ [ [ [ 76.994003296118123, 10.848076262850324 ], [ 77.013557641873064, 10.858151198706095 ], [ 77.045120597016805, 10.860924378960171 ], [ 77.043284556172594, 10.817952821439642 ], [ 77.023358043781073, 10.803296093786342 ], [ 77.007537085033704, 10.802500220637247 ], [ 76.993305485289042, 10.840633462546153 ], [ 76.994003296118123, 10.848076262850324 ] ] ] ] } },
{ "type": "Feature", "properties": { "id": 273 }, "geometry": { "type": "MultiPolygon", "coordinates": [ [ [ [ 76.974773706510064, 10.316725725203922 ], [ 77.009909773669079, 10.309458902087844 ], [ 76.996723013776844, 10.273724051802052 ], [ 76.966716966979902, 10.291492304808383 ], [ 76.974773706510064, 10.316725725203922 ] ] ] ] } },
{ "type": "Feature", "properties": { "id": 296 }, "geometry": { "type": "MultiPolygon", "coordinates": [ [ [ [ 76.994999563876576, 11.094044365925033 ], [ 76.997202522338213, 11.099666145283352 ], [ 77.03902419001416, 11.097245898543706 ], [ 77.040268055080375, 11.090846741609042 ], [ 77.031463183425444, 11.062841055278476 ], [ 77.026373584106651, 11.064724981373224 ], [ 76.997754291997808, 11.088443635351812 ], [ 76.994999563876576, 11.094044365925033 ] ] ] ] } },
{ "type": "Feature", "properties": { "id": 121 }, "geometry": { "type": "MultiPolygon", "coordinates": [ [ [ [ 76.994846182748049, 11.016556742161741 ], [ 77.003784534008616, 11.022186347880936 ], [ 77.025271107642823, 11.011288673566014 ], [ 77.024136756158242, 11.006015435038986 ], [ 76.996129676320123, 11.005937980005831 ], [ 76.994846182748049, 11.016556742161741 ] ] ] ] } },
{ "type": "Feature", "properties": { "id": 36 }, "geometry": { "type": "MultiPolygon", "coordinates": [ [ [ [ 76.968754129802761, 11.03119942222013 ], [ 77.001091696316749, 11.049908974591363 ], [ 77.011885705691199, 11.039748554257438 ], [ 77.01247448835322, 11.038759835134398 ], [ 77.003784534008616, 11.022186347880936 ], [ 76.994846182748049, 11.016556742161741 ], [ 76.968754129802761, 11.03119942222013 ] ] ] ] } },
{ "type": "Feature", "properties": { "id": 107 }, "geometry": { "type": "MultiPolygon", "coordinates": [ [ [ [ 76.969859781027566, 10.527271168802958 ], [ 76.973147110558187, 10.545475969084681 ], [ 77.005016976248967, 10.54974882743587 ], [ 77.006550206195527, 10.526530948691191 ], [ 76.985841288618118, 10.511108604731932 ], [ 76.969859781027566, 10.527271168802958 ] ] ] ] } },
{ "type": "Feature", "properties": { "id": 105 }, "geometry": { "type": "MultiPolygon", "coordinates": [ [ [ [ 76.978358559182155, 10.425780801818176 ], [ 77.005333171476153, 10.44220792219974 ], [ 77.023613050323576, 10.436658189033819 ], [ 77.030105968064916, 10.411862842759847 ], [ 77.006260913030459, 10.379595985288896 ], [ 77.001426106392813, 10.379358621274209 ], [ 76.967327551180617, 10.383498614540809 ], [ 76.978358559182155, 10.425780801818176 ] ] ] ] } },
{ "type": "Feature", "properties": { "id": 119 }, "geometry": { "type": "MultiPolygon", "coordinates": [ [ [ [ 77.013927636963317, 10.662490487318689 ], [ 77.050915167148318, 10.643098829926117 ], [ 77.058289694742072, 10.625871353305918 ], [ 77.027815020982729, 10.597706235525367 ], [ 77.021283477335061, 10.595493799493608 ], [ 77.021114494473807, 10.595504543832396 ], [ 77.00936879549873, 10.638092211330138 ], [ 77.013927636963317, 10.662490487318689 ] ] ] ] } },
{ "type": "Feature", "properties": { "id": 30 }, "geometry": { "type": "MultiPolygon", "coordinates": [ [ [ [ 77.059385126665731, 10.282895476728612 ], [ 77.047081920564665, 10.280747854897296 ], [ 77.047852625233887, 10.279849205758852 ], [ 76.998168050446495, 10.271319715611643 ], [ 76.996723013776844, 10.273724051802052 ], [ 77.009909773669079, 10.309458902087844 ], [ 77.015302522806707, 10.314821896653383 ], [ 77.032012279182183, 10.320042507085244 ], [ 77.036113755831664, 10.317221113518235 ], [ 77.064442897242287, 10.286829317174581 ], [ 77.059385126665731, 10.282895476728612 ] ] ] ] } },
{ "type": "Feature", "properties": { "id": 142 }, "geometry": { "type": "MultiPolygon", "coordinates": [ [ [ [ 77.009909773669079, 10.309458902087844 ], [ 76.974773706510064, 10.316725725203922 ], [ 76.974282592489445, 10.324100398584017 ], [ 77.000504846029315, 10.328520084682152 ], [ 77.015302522806707, 10.314821896653383 ], [ 77.009909773669079, 10.309458902087844 ] ] ] ] } },
{ "type": "Feature", "properties": { "id": 218 }, "geometry": { "type": "MultiPolygon", "coordinates": [ [ [ [ 76.987441966208749, 10.504603816607045 ], [ 76.985841288618118, 10.511108604731932 ], [ 77.006550206195527, 10.526530948691191 ], [ 77.026797162551858, 10.530956298396537 ], [ 77.037772159025067, 10.511397126150589 ], [ 77.037679122577927, 10.509445630580458 ], [ 77.024128723324012, 10.492087880747791 ], [ 76.989550835455134, 10.501950251365383 ], [ 76.987441966208749, 10.504603816607045 ] ] ] ] } },
{ "type": "Feature", "properties": { "id": 235 }, "geometry": { "type": "MultiPolygon", "coordinates": [ [ [ [ 76.9981001083179, 10.681648195733125 ], [ 77.012793088980516, 10.727838373350908 ], [ 77.035522179159898, 10.729603002793954 ], [ 77.039875987444475, 10.728486090414933 ], [ 77.049416265873589, 10.719757202647845 ], [ 77.04541786324269, 10.696762465865737 ], [ 77.012991796444382, 10.676946692645341 ], [ 77.007562338023789, 10.675050343579752 ], [ 76.9981001083179, 10.681648195733125 ] ] ] ] } },
{ "type": "Feature", "properties": { "id": 179 }, "geometry": { "type": "MultiPolygon", "coordinates": [ [ [ [ 76.996129676320123, 11.005937980005831 ], [ 77.024136756158242, 11.006015435038986 ], [ 77.026168938575324, 10.98393462175895 ], [ 77.015493325942629, 10.97291528397632 ], [ 76.994534146141888, 10.99286888857832 ], [ 76.996129676320123, 11.005937980005831 ] ] ] ] } },
{ "type": "Feature", "properties": { "id": 237 }, "geometry": { "type": "MultiPolygon", "coordinates": [ [ [ [ 77.013698260106665, 10.951833091212066 ], [ 77.015493325942629, 10.97291528397632 ], [ 77.026168938575324, 10.98393462175895 ], [ 77.056325798569972, 10.990826583762095 ], [ 77.059849664878328, 10.974309898386601 ], [ 77.040952007457278, 10.937889293941252 ], [ 77.019264096546735, 10.938252785118573 ], [ 77.013698260106665, 10.951833091212066 ] ] ] ] } },
{ "type": "Feature", "properties": { "id": 155 }, "geometry": { "type": "MultiPolygon", "coordinates": [ [ [ [ 77.010668853322059, 10.556566045643624 ], [ 77.031503878758031, 10.5424484039936 ], [ 77.026797162551858, 10.530956298396537 ], [ 77.006550206195527, 10.526530948691191 ], [ 77.005016976248967, 10.54974882743587 ], [ 77.010668853322059, 10.556566045643624 ] ] ] ] } },
{ "type": "Feature", "properties": { "id": 261 }, "geometry": { "type": "MultiPolygon", "coordinates": [ [ [ [ 77.021114494473807, 10.595504543832396 ], [ 77.021283477335061, 10.595493799493608 ], [ 77.043831373364128, 10.551836183156796 ], [ 77.041319718240473, 10.549067219355354 ], [ 77.031503878758031, 10.5424484039936 ], [ 77.010668853322059, 10.556566045643624 ], [ 77.009338694800022, 10.565492219880543 ], [ 77.018998817903793, 10.594549722213852 ], [ 77.021114494473807, 10.595504543832396 ] ] ] ] } },
{ "type": "Feature", "properties": { "id": 160 }, "geometry": { "type": "MultiPolygon", "coordinates": [ [ [ [ 76.997754291997808, 11.088443635351812 ], [ 77.026373584106651, 11.064724981373224 ], [ 77.011885705691199, 11.039748554257438 ], [ 77.001091696316749, 11.049908974591363 ], [ 76.997754291997808, 11.088443635351812 ] ] ] ] } },
{ "type": "Feature", "properties": { "id": 7 }, "geometry": { "type": "MultiPolygon", "coordinates": [ [ [ [ 77.010250080539748, 10.922645833666291 ], [ 77.019264096546735, 10.938252785118573 ], [ 77.040952007457278, 10.937889293941252 ], [ 77.073877220310067, 10.924859501082082 ], [ 77.066908290248904, 10.8907562828033 ], [ 77.055928775963253, 10.876798118444125 ], [ 77.0158152282998, 10.911429915898713 ], [ 77.010250080539748, 10.922645833666291 ] ] ] ] } },
{ "type": "Feature", "properties": { "id": 245 }, "geometry": { "type": "MultiPolygon", "coordinates": [ [ [ [ 77.00143343341071, 10.453359435372022 ], [ 77.025595824240071, 10.469154410742327 ], [ 77.033457038177005, 10.451766795899765 ], [ 77.023613050323576, 10.436658189033819 ], [ 77.005333171476153, 10.44220792219974 ], [ 77.00143343341071, 10.453359435372022 ] ] ] ] } },
{ "type": "Feature", "properties": { "id": 194 }, "geometry": { "type": "MultiPolygon", "coordinates": [ [ [ [ 76.993962902068176, 10.466700716959492 ], [ 77.024851873916333, 10.472428375102242 ], [ 77.025595824240071, 10.469154410742327 ], [ 77.00143343341071, 10.453359435372022 ], [ 76.995800023870828, 10.461676421360783 ], [ 76.993962902068176, 10.466700716959492 ] ] ] ] } },
{ "type": "Feature", "properties": { "id": 279 }, "geometry": { "type": "MultiPolygon", "coordinates": [ [ [ [ 77.001426106392813, 10.379358621274209 ], [ 77.006260913030459, 10.379595985288896 ], [ 77.026506421492812, 10.364517206700159 ], [ 77.032012279182183, 10.320042507085244 ], [ 77.015302522806707, 10.314821896653383 ], [ 77.000504846029315, 10.328520084682152 ], [ 77.001426106392813, 10.379358621274209 ] ] ] ] } },
{ "type": "Feature", "properties": { "id": 242 }, "geometry": { "type": "MultiPolygon", "coordinates": [ [ [ [ 77.07888034201639, 10.380824180650647 ], [ 77.080130011684901, 10.370595909252007 ], [ 77.064565616170853, 10.365478021955843 ], [ 77.026506421492812, 10.364517206700159 ], [ 77.006260913030459, 10.379595985288896 ], [ 77.030105968064916, 10.411862842759847 ], [ 77.056736979561123, 10.413983778206177 ], [ 77.07888034201639, 10.380824180650647 ] ] ] ] } },
{ "type": "Feature", "properties": { "id": 63 }, "geometry": { "type": "MultiPolygon", "coordinates": [ [ [ [ 77.003784534008616, 11.022186347880936 ], [ 77.01247448835322, 11.038759835134398 ], [ 77.017385391329526, 11.037831567897086 ], [ 77.037605795170705, 11.023562408355374 ], [ 77.025271107642823, 11.011288673566014 ], [ 77.003784534008616, 11.022186347880936 ] ] ] ] } },
{ "type": "Feature", "properties": { "id": 295 }, "geometry": { "type": "MultiPolygon", "coordinates": [ [ [ [ 77.025271107642823, 11.011288673566014 ], [ 77.037605795170705, 11.023562408355374 ], [ 77.076756032260917, 11.029073468734062 ], [ 77.080976162804035, 11.02603961655444 ], [ 77.080767982835596, 11.024561867546252 ], [ 77.056325798569972, 10.990826583762095 ], [ 77.026168938575324, 10.98393462175895 ], [ 77.024136756158242, 11.006015435038986 ], [ 77.025271107642823, 11.011288673566014 ] ] ] ] } },
{ "type": "Feature", "properties": { "id": 26 }, "geometry": { "type": "MultiPolygon", "coordinates": [ [ [ [ 77.071264483050797, 10.462479125840334 ], [ 77.069563410040061, 10.456410666445011 ], [ 77.033457038177005, 10.451766795899765 ], [ 77.025595824240071, 10.469154410742327 ], [ 77.024851873916333, 10.472428375102242 ], [ 77.026951004390426, 10.485275223747239 ], [ 77.048572891928245, 10.480407197445556 ], [ 77.069641765770271, 10.468378857107494 ], [ 77.071264483050797, 10.462479125840334 ] ] ] ] } },
{ "type": "Feature", "properties": { "id": 87 }, "geometry": { "type": "MultiPolygon", "coordinates": [ [ [ [ 77.065771890530911, 10.442884684877662 ], [ 77.054503496400685, 10.417328410390967 ], [ 77.056736979561123, 10.413983778206177 ], [ 77.030105968064916, 10.411862842759847 ], [ 77.023613050323576, 10.436658189033819 ], [ 77.033457038177005, 10.451766795899765 ], [ 77.069563410040061, 10.456410666445011 ], [ 77.065771890530911, 10.442884684877662 ] ] ] ] } },
{ "type": "Feature", "properties": { "id": 28 }, "geometry": { "type": "MultiPolygon", "coordinates": [ [ [ [ 77.026373584106651, 11.064724981373224 ], [ 77.031463183425444, 11.062841055278476 ], [ 77.040748659826818, 11.057361342427269 ], [ 77.017385391329526, 11.037831567897086 ], [ 77.01247448835322, 11.038759835134398 ], [ 77.011885705691199, 11.039748554257438 ], [ 77.026373584106651, 11.064724981373224 ] ] ] ] } },
{ "type": "Feature", "properties": { "id": 264 }, "geometry": { "type": "MultiPolygon", "coordinates": [ [ [ [ 77.031503878758031, 10.5424484039936 ], [ 77.041319718240473, 10.549067219355354 ], [ 77.053403980443875, 10.522630797329397 ], [ 77.037772159025067, 10.511397126150589 ], [ 77.026797162551858, 10.530956298396537 ], [ 77.031503878758031, 10.5424484039936 ] ] ] ] } },
{ "type": "Feature", "properties": { "id": 39 }, "geometry": { "type": "MultiPolygon", "coordinates": [ [ [ [ 77.024128723324012, 10.492087880747791 ], [ 77.037679122577927, 10.509445630580458 ], [ 77.052494816724789, 10.50225404716744 ], [ 77.048572891928245, 10.480407197445556 ], [ 77.026951004390426, 10.485275223747239 ], [ 77.024128723324012, 10.492087880747791 ] ] ] ] } },
{ "type": "Feature", "properties": { "id": 124 }, "geometry": { "type": "MultiPolygon", "coordinates": [ [ [ [ 77.055815949499603, 10.270563892231712 ], [ 77.051875940246774, 10.256745124579819 ], [ 77.043573756401997, 10.251489427340571 ], [ 77.031872188033859, 10.250362248427507 ], [ 77.029312106320219, 10.249485868933558 ], [ 77.028507713931901, 10.246114571721948 ], [ 77.019926548088762, 10.244876707466988 ], [ 77.012653206062822, 10.238284392028104 ], [ 77.009000143757376, 10.237826441445089 ], [ 77.008089025561318, 10.237102511932193 ], [ 76.99666410273214, 10.255709384406583 ], [ 76.998168050446495, 10.271319715611643 ], [ 77.047852625233887, 10.279849205758852 ], [ 77.055815949499603, 10.270563892231712 ] ] ] ] } },
{ "type": "Feature", "properties": { "id": 106 }, "geometry": { "type": "MultiPolygon", "coordinates": [ [ [ [ 76.994975863387978, 11.373217255756325 ], [ 77.000057632764168, 11.371574388159349 ], [ 77.006081113744557, 11.368379298822916 ], [ 77.015698638048548, 11.367319546487618 ], [ 77.017924203116621, 11.367786794697842 ], [ 77.052729015103878, 11.356552184530992 ], [ 77.02764670643424, 11.345748221055311 ], [ 76.985676582470077, 11.370987248151247 ], [ 76.985921239767634, 11.378116998967911 ], [ 76.991347797576211, 11.37636536584461 ], [ 76.994975863387978, 11.373217255756325 ] ] ] ] } },
{ "type": "Feature", "properties": { "id": 43 }, "geometry": { "type": "MultiPolygon", "coordinates": [ [ [ [ 77.02764670643424, 11.345748221055311 ], [ 77.052729015103878, 11.356552184530992 ], [ 77.054351135664263, 11.356496330547568 ], [ 77.056217680948649, 11.355604373993504 ], [ 77.053556101286304, 11.317265728870138 ], [ 77.024293736455334, 11.315719702359607 ], [ 77.02764670643424, 11.345748221055311 ] ] ] ] } },
{ "type": "Feature", "properties": { "id": 289 }, "geometry": { "type": "MultiPolygon", "coordinates": [ [ [ [ 77.028644043598305, 11.19875216211646 ], [ 77.047083470533906, 11.196830284915208 ], [ 77.082966294746512, 11.18426303044475 ], [ 77.08671720907823, 11.176904790418474 ], [ 77.076575403487539, 11.169763800871401 ], [ 77.041710340128688, 11.16704251676131 ], [ 77.026078906093034, 11.189237789782576 ], [ 77.028644043598305, 11.19875216211646 ] ] ] ] } },
{ "type": "Feature", "properties": { "id": 115 }, "geometry": { "type": "MultiPolygon", "coordinates": [ [ [ [ 77.0158152282998, 10.911429915898713 ], [ 77.055928775963253, 10.876798118444125 ], [ 77.053722389030384, 10.866458359433251 ], [ 77.053424713649832, 10.86605587429194 ], [ 77.045120597016805, 10.860924378960171 ], [ 77.013557641873064, 10.858151198706095 ], [ 77.0158152282998, 10.911429915898713 ] ] ] ] } },
{ "type": "Feature", "properties": { "id": 139 }, "geometry": { "type": "MultiPolygon", "coordinates": [ [ [ [ 77.017385391329526, 11.037831567897086 ], [ 77.040748659826818, 11.057361342427269 ], [ 77.053280234368032, 11.055027154823955 ], [ 77.065162411515757, 11.048731243592806 ], [ 77.076756032260917, 11.029073468734062 ], [ 77.037605795170705, 11.023562408355374 ], [ 77.017385391329526, 11.037831567897086 ] ] ] ] } },
{ "type": "Feature", "properties": { "id": 241 }, "geometry": { "type": "MultiPolygon", "coordinates": [ [ [ [ 77.012480827853594, 10.728369708709854 ], [ 77.010399796488656, 10.764404265801256 ], [ 77.04175408551815, 10.762701712115851 ], [ 77.035522179159898, 10.729603002793954 ], [ 77.012793088980516, 10.727838373350908 ], [ 77.012480827853594, 10.728369708709854 ] ] ] ] } },
{ "type": "Feature", "properties": { "id": 27 }, "geometry": { "type": "MultiPolygon", "coordinates": [ [ [ [ 76.997007597970594, 11.307665294868244 ], [ 77.024293736455334, 11.315719702359607 ], [ 77.053556101286304, 11.317265728870138 ], [ 77.053698972850526, 11.31713773797116 ], [ 77.060044480395305, 11.302545767126505 ], [ 77.052761376271491, 11.28692511508617 ], [ 77.005583096173709, 11.275150873222936 ], [ 76.997007597970594, 11.307665294868244 ] ] ] ] } },
{ "type": "Feature", "properties": { "id": 208 }, "geometry": { "type": "MultiPolygon", "coordinates": [ [ [ [ 76.989186180999255, 11.378241022821621 ], [ 76.991347797576211, 11.37636536584461 ], [ 76.985921239767634, 11.378116998967911 ], [ 76.985485032312681, 11.380413081097133 ], [ 76.989186180999255, 11.378241022821621 ] ] ], [ [ [ 77.021201541649972, 11.368474858410732 ], [ 77.025746602189088, 11.371093968727893 ], [ 77.023965410736977, 11.381053233181131 ], [ 77.023346447497659, 11.382835651374288 ], [ 77.028378369650369, 11.382835651374288 ], [ 77.047397885779162, 11.37101539512464 ], [ 77.054351135664263, 11.356496330547568 ], [ 77.052729015103878, 11.356552184530992 ], [ 77.017924203116621, 11.367786794697842 ], [ 77.021201541649972, 11.368474858410732 ] ] ] ] } },
{ "type": "Feature", "properties": { "id": 233 }, "geometry": { "type": "MultiPolygon", "coordinates": [ [ [ [ 76.998389039189973, 10.787308069996003 ], [ 77.007537085033704, 10.802500220637247 ], [ 77.023358043781073, 10.803296093786342 ], [ 77.051330917616554, 10.78120626560314 ], [ 77.050002316793737, 10.767698535601465 ], [ 77.04175408551815, 10.762701712115851 ], [ 77.010399796488656, 10.764404265801256 ], [ 76.998389039189973, 10.787308069996003 ] ] ] ] } },
{ "type": "Feature", "properties": { "id": 54 }, "geometry": { "type": "MultiPolygon", "coordinates": [ [ [ [ 76.993972931715334, 11.122984836605713 ], [ 77.029372301509071, 11.13957358863242 ], [ 77.049343627156432, 11.101720745121414 ], [ 77.03902419001416, 11.097245898543706 ], [ 76.997202522338213, 11.099666145283352 ], [ 76.993972931715334, 11.122984836605713 ] ] ] ] } },
{ "type": "Feature", "properties": { "id": 227 }, "geometry": { "type": "MultiPolygon", "coordinates": [ [ [ [ 77.007562338023789, 10.675050343579752 ], [ 77.012991796444382, 10.676946692645341 ], [ 77.046516731134489, 10.676336907532242 ], [ 77.061016922708006, 10.657770942286147 ], [ 77.050915167148318, 10.643098829926117 ], [ 77.013927636963317, 10.662490487318689 ], [ 77.007562338023789, 10.675050343579752 ] ] ] ] } },
{ "type": "Feature", "properties": { "id": 165 }, "geometry": { "type": "MultiPolygon", "coordinates": [ [ [ [ 77.031463183425444, 11.062841055278476 ], [ 77.040268055080375, 11.090846741609042 ], [ 77.053280234368032, 11.055027154823955 ], [ 77.040748659826818, 11.057361342427269 ], [ 77.031463183425444, 11.062841055278476 ] ] ] ] } },
{ "type": "Feature", "properties": { "id": 116 }, "geometry": { "type": "MultiPolygon", "coordinates": [ [ [ [ 77.053424713649832, 10.86605587429194 ], [ 77.071010478054177, 10.834570141235334 ], [ 77.07035352146022, 10.815543308433293 ], [ 77.043284556172594, 10.817952821439642 ], [ 77.045120597016805, 10.860924378960171 ], [ 77.053424713649832, 10.86605587429194 ] ] ] ] } },
{ "type": "Feature", "properties": { "id": 47 }, "geometry": { "type": "MultiPolygon", "coordinates": [ [ [ [ 77.005583096173709, 11.275150873222936 ], [ 77.052761376271491, 11.28692511508617 ], [ 77.056322479709578, 11.248242520786002 ], [ 77.005573657963311, 11.269646901874207 ], [ 77.005583096173709, 11.275150873222936 ] ] ] ] } },
{ "type": "Feature", "properties": { "id": 276 }, "geometry": { "type": "MultiPolygon", "coordinates": [ [ [ [ 77.037814049253399, 11.145815745874499 ], [ 77.068932763127791, 11.12514614485611 ], [ 77.070842068327252, 11.118383347850509 ], [ 77.070045415745383, 11.115132917755066 ], [ 77.061299712125063, 11.104217969469397 ], [ 77.049343627156432, 11.101720745121414 ], [ 77.029372301509071, 11.13957358863242 ], [ 77.037814049253399, 11.145815745874499 ] ] ] ] } },
{ "type": "Feature", "properties": { "id": 132 }, "geometry": { "type": "MultiPolygon", "coordinates": [ [ [ [ 77.046250363884596, 11.382835651374288 ], [ 77.047397885779162, 11.37101539512464 ], [ 77.028378369650369, 11.382835651374288 ], [ 77.046250363884596, 11.382835651374288 ] ] ] ] } },
{ "type": "Feature", "properties": { "id": 271 }, "geometry": { "type": "MultiPolygon", "coordinates": [ [ [ [ 77.053556101286304, 11.317265728870138 ], [ 77.056217680948649, 11.355604373993504 ], [ 77.066893248956148, 11.361145668879105 ], [ 77.104364314128375, 11.332491764764431 ], [ 77.053698972850526, 11.31713773797116 ], [ 77.053556101286304, 11.317265728870138 ] ] ] ] } },
{ "type": "Feature", "properties": { "id": 201 }, "geometry": { "type": "MultiPolygon", "coordinates": [ [ [ [ 77.03902419001416, 11.097245898543706 ], [ 77.049343627156432, 11.101720745121414 ], [ 77.061299712125063, 11.104217969469397 ], [ 77.069937079308403, 11.078421794556403 ], [ 77.065162411515757, 11.048731243592806 ], [ 77.053280234368032, 11.055027154823955 ], [ 77.040268055080375, 11.090846741609042 ], [ 77.03902419001416, 11.097245898543706 ] ] ] ] } },
{ "type": "Feature", "properties": { "id": 229 }, "geometry": { "type": "MultiPolygon", "coordinates": [ [ [ [ 77.076756032260917, 11.029073468734062 ], [ 77.065162411515757, 11.048731243592806 ], [ 77.069937079308403, 11.078421794556403 ], [ 77.103074924975076, 11.087587053452891 ], [ 77.119749297471927, 11.060826573723496 ], [ 77.1162276738184, 11.038953115133355 ], [ 77.080976162804035, 11.02603961655444 ], [ 77.076756032260917, 11.029073468734062 ] ] ] ] } },
{ "type": "Feature", "properties": { "id": 113 }, "geometry": { "type": "MultiPolygon", "coordinates": [ [ [ [ 77.04175408551815, 10.762701712115851 ], [ 77.050002316793737, 10.767698535601465 ], [ 77.062175803220413, 10.755118609639343 ], [ 77.059873638833565, 10.747350246561375 ], [ 77.039875987444475, 10.728486090414933 ], [ 77.035522179159898, 10.729603002793954 ], [ 77.04175408551815, 10.762701712115851 ] ] ] ] } },
{ "type": "Feature", "properties": { "id": 249 }, "geometry": { "type": "MultiPolygon", "coordinates": [ [ [ [ 77.068978319323634, 11.381488898080152 ], [ 77.070626721970541, 11.382835651374288 ], [ 77.080975243329988, 11.382835651374288 ], [ 77.066893248956148, 11.361145668879105 ], [ 77.056217680948649, 11.355604373993504 ], [ 77.054351135664263, 11.356496330547568 ], [ 77.047397885779162, 11.37101539512464 ], [ 77.046250363884596, 11.382835651374288 ], [ 77.069009915901091, 11.382835651374288 ], [ 77.068978319323634, 11.381488898080152 ] ] ] ] } },
{ "type": "Feature", "properties": { "id": 83 }, "geometry": { "type": "MultiPolygon", "coordinates": [ [ [ [ 77.023358043781073, 10.803296093786342 ], [ 77.043284556172594, 10.817952821439642 ], [ 77.07035352146022, 10.815543308433293 ], [ 77.090014138594256, 10.797191246056061 ], [ 77.051330917616554, 10.78120626560314 ], [ 77.023358043781073, 10.803296093786342 ] ] ] ] } },
{ "type": "Feature", "properties": { "id": 137 }, "geometry": { "type": "MultiPolygon", "coordinates": [ [ [ [ 77.062304797954539, 11.240064759679012 ], [ 77.076208778247448, 11.232727011366652 ], [ 77.077633211859805, 11.204922766860383 ], [ 77.047083470533906, 11.196830284915208 ], [ 77.028644043598305, 11.19875216211646 ], [ 77.028618637174446, 11.209337550857322 ], [ 77.062304797954539, 11.240064759679012 ] ] ] ] } },
{ "type": "Feature", "properties": { "id": 141 }, "geometry": { "type": "MultiPolygon", "coordinates": [ [ [ [ 77.041710340128688, 11.16704251676131 ], [ 77.076575403487539, 11.169763800871401 ], [ 77.072494843927984, 11.133206660425969 ], [ 77.068932763127791, 11.12514614485611 ], [ 77.037814049253399, 11.145815745874499 ], [ 77.041710340128688, 11.16704251676131 ] ] ] ] } },
{ "type": "Feature", "properties": { "id": 79 }, "geometry": { "type": "MultiPolygon", "coordinates": [ [ [ [ 77.021283477335061, 10.595493799493608 ], [ 77.027815020982729, 10.597706235525367 ], [ 77.066234932754057, 10.578347091584707 ], [ 77.053485744614278, 10.553162640116151 ], [ 77.043831373364128, 10.551836183156796 ], [ 77.021283477335061, 10.595493799493608 ] ] ] ] } },
{ "type": "Feature", "properties": { "id": 120 }, "geometry": { "type": "MultiPolygon", "coordinates": [ [ [ [ 77.060044480395305, 11.302545767126505 ], [ 77.060529323386646, 11.302316129158839 ], [ 77.089292061720428, 11.285436823326323 ], [ 77.061664205051727, 11.242073848011007 ], [ 77.056322479709578, 11.248242520786002 ], [ 77.052761376271491, 11.28692511508617 ], [ 77.060044480395305, 11.302545767126505 ] ] ] ] } },
{ "type": "Feature", "properties": { "id": 92 }, "geometry": { "type": "MultiPolygon", "coordinates": [ [ [ [ 77.063350855488366, 10.688427739085952 ], [ 77.065255904458098, 10.683242186219388 ], [ 77.046516731134489, 10.676336907532242 ], [ 77.012991796444382, 10.676946692645341 ], [ 77.04541786324269, 10.696762465865737 ], [ 77.063350855488366, 10.688427739085952 ] ] ] ] } },
{ "type": "Feature", "properties": { "id": 149 }, "geometry": { "type": "MultiPolygon", "coordinates": [ [ [ [ 77.04541786324269, 10.696762465865737 ], [ 77.049416265873589, 10.719757202647845 ], [ 77.070545130353423, 10.716820226458797 ], [ 77.071198791141612, 10.708010729555328 ], [ 77.063350855488366, 10.688427739085952 ], [ 77.04541786324269, 10.696762465865737 ] ] ] ] } },
{ "type": "Feature", "properties": { "id": 230 }, "geometry": { "type": "MultiPolygon", "coordinates": [ [ [ [ 77.037772159025067, 10.511397126150589 ], [ 77.053403980443875, 10.522630797329397 ], [ 77.060453966741548, 10.523724470006723 ], [ 77.062616458993148, 10.507374543749785 ], [ 77.057987035296705, 10.501491753879735 ], [ 77.052494816724789, 10.50225404716744 ], [ 77.037679122577927, 10.509445630580458 ], [ 77.037772159025067, 10.511397126150589 ] ] ] ] } },
{ "type": "Feature", "properties": { "id": 131 }, "geometry": { "type": "MultiPolygon", "coordinates": [ [ [ [ 77.026506421492812, 10.364517206700159 ], [ 77.064565616170853, 10.365478021955843 ], [ 77.05995155624548, 10.33949758281474 ], [ 77.036113755831664, 10.317221113518235 ], [ 77.032012279182183, 10.320042507085244 ], [ 77.026506421492812, 10.364517206700159 ] ] ] ] } },
{ "type": "Feature", "properties": { "id": 170 }, "geometry": { "type": "MultiPolygon", "coordinates": [ [ [ [ 77.064870187414556, 10.485726937612087 ], [ 77.069641765770271, 10.468378857107494 ], [ 77.048572891928245, 10.480407197445556 ], [ 77.052494816724789, 10.50225404716744 ], [ 77.057987035296705, 10.501491753879735 ], [ 77.067321423409396, 10.489967301773341 ], [ 77.064870187414556, 10.485726937612087 ] ] ] ] } },
{ "type": "Feature", "properties": { "id": 172 }, "geometry": { "type": "MultiPolygon", "coordinates": [ [ [ [ 77.053722389030384, 10.866458359433251 ], [ 77.093725786786592, 10.855414958580971 ], [ 77.099751038527245, 10.845210872663737 ], [ 77.071010478054177, 10.834570141235334 ], [ 77.053424713649832, 10.86605587429194 ], [ 77.053722389030384, 10.866458359433251 ] ] ] ] } },
{ "type": "Feature", "properties": { "id": 290 }, "geometry": { "type": "MultiPolygon", "coordinates": [ [ [ [ 77.043831373364128, 10.551836183156796 ], [ 77.053485744614278, 10.553162640116151 ], [ 77.079127428255731, 10.536081180966566 ], [ 77.060453966741548, 10.523724470006723 ], [ 77.053403980443875, 10.522630797329397 ], [ 77.041319718240473, 10.549067219355354 ], [ 77.043831373364128, 10.551836183156796 ] ] ] ] } },
{ "type": "Feature", "properties": { "id": 151 }, "geometry": { "type": "MultiPolygon", "coordinates": [ [ [ [ 77.046516731134489, 10.676336907532242 ], [ 77.065255904458098, 10.683242186219388 ], [ 77.075575391903371, 10.672297865033755 ], [ 77.061016922708006, 10.657770942286147 ], [ 77.046516731134489, 10.676336907532242 ] ] ] ] } },
{ "type": "Feature", "properties": { "id": 251 }, "geometry": { "type": "MultiPolygon", "coordinates": [ [ [ [ 77.050915167148318, 10.643098829926117 ], [ 77.061016922708006, 10.657770942286147 ], [ 77.075575391903371, 10.672297865033755 ], [ 77.080804763252928, 10.672107049152878 ], [ 77.091741586147904, 10.664094556375295 ], [ 77.090481614180362, 10.622125123561851 ], [ 77.07987170902932, 10.619894075410722 ], [ 77.058289694742072, 10.625871353305918 ], [ 77.050915167148318, 10.643098829926117 ] ] ] ] } },
{ "type": "Feature", "properties": { "id": 29 }, "geometry": { "type": "MultiPolygon", "coordinates": [ [ [ [ 77.051330917616554, 10.78120626560314 ], [ 77.090014138594256, 10.797191246056061 ], [ 77.095435535267228, 10.795739204251163 ], [ 77.106108505162837, 10.762523970616227 ], [ 77.062175803220413, 10.755118609639343 ], [ 77.050002316793737, 10.767698535601465 ], [ 77.051330917616554, 10.78120626560314 ] ] ] ] } },
{ "type": "Feature", "properties": { "id": 88 }, "geometry": { "type": "MultiPolygon", "coordinates": [ [ [ [ 77.058289694742072, 10.625871353305918 ], [ 77.07987170902932, 10.619894075410722 ], [ 77.071402162232559, 10.580024704024046 ], [ 77.066234932754057, 10.578347091584707 ], [ 77.027815020982729, 10.597706235525367 ], [ 77.058289694742072, 10.625871353305918 ] ] ] ] } },
{ "type": "Feature", "properties": { "id": 9 }, "geometry": { "type": "MultiPolygon", "coordinates": [ [ [ [ 77.067321423409396, 10.489967301773341 ], [ 77.057987035296705, 10.501491753879735 ], [ 77.062616458993148, 10.507374543749785 ], [ 77.07958099486639, 10.511174989465538 ], [ 77.067321423409396, 10.489967301773341 ] ] ] ] } },
{ "type": "Feature", "properties": { "id": 281 }, "geometry": { "type": "MultiPolygon", "coordinates": [ [ [ [ 77.080867287453572, 10.298884105484376 ], [ 77.074077546153575, 10.295097926208665 ], [ 77.065141445741958, 10.294099778800677 ], [ 77.064399489901589, 10.291473978527712 ], [ 77.066606463946243, 10.288512099356721 ], [ 77.064442897242287, 10.286829317174581 ], [ 77.036113755831664, 10.317221113518235 ], [ 77.05995155624548, 10.33949758281474 ], [ 77.08490488516783, 10.302711931794766 ], [ 77.080867287453572, 10.298884105484376 ] ] ] ] } },
{ "type": "Feature", "properties": { "id": 112 }, "geometry": { "type": "MultiPolygon", "coordinates": [ [ [ [ 77.056325798569972, 10.990826583762095 ], [ 77.080767982835596, 11.024561867546252 ], [ 77.101741353122435, 10.970974387844825 ], [ 77.09052437792117, 10.956035535797353 ], [ 77.059849664878328, 10.974309898386601 ], [ 77.056325798569972, 10.990826583762095 ] ] ] ] } },
{ "type": "Feature", "properties": { "id": 75 }, "geometry": { "type": "MultiPolygon", "coordinates": [ [ [ [ 77.110181119847738, 11.380968574208168 ], [ 77.112064688154362, 11.376986999560835 ], [ 77.126956784783729, 11.377125277519459 ], [ 77.130177464154855, 11.370702356984824 ], [ 77.12832695181153, 11.366927053996193 ], [ 77.127881284280264, 11.363533596175097 ], [ 77.130953703321751, 11.358195600187869 ], [ 77.130223059154559, 11.354566875376802 ], [ 77.132904710069496, 11.351234163755596 ], [ 77.136326716356564, 11.343406361190944 ], [ 77.138210277433885, 11.339097317927486 ], [ 77.111624966274078, 11.331221343102362 ], [ 77.104364314128375, 11.332491764764431 ], [ 77.066893248956148, 11.361145668879105 ], [ 77.080975243329988, 11.382835651374288 ], [ 77.110299441338086, 11.382835651374288 ], [ 77.110181119847738, 11.380968574208168 ] ] ] ] } },
{ "type": "Feature", "properties": { "id": 62 }, "geometry": { "type": "MultiPolygon", "coordinates": [ [ [ [ 77.080826968410861, 10.56984913111542 ], [ 77.079347844598843, 10.546431664344141 ], [ 77.080230116058218, 10.535954618087716 ], [ 77.079127428255731, 10.536081180966566 ], [ 77.053485744614278, 10.553162640116151 ], [ 77.066234932754057, 10.578347091584707 ], [ 77.071402162232559, 10.580024704024046 ], [ 77.085234873696209, 10.572589912793422 ], [ 77.080826968410861, 10.56984913111542 ] ] ] ] } },
{ "type": "Feature", "properties": { "id": 35 }, "geometry": { "type": "MultiPolygon", "coordinates": [ [ [ [ 77.083627106149507, 10.341972960170557 ], [ 77.08391194450715, 10.328348204114752 ], [ 77.09519881766532, 10.308395568610198 ], [ 77.095036060632694, 10.308340330615716 ], [ 77.086752550011056, 10.304463602119602 ], [ 77.08490488516783, 10.302711931794766 ], [ 77.05995155624548, 10.33949758281474 ], [ 77.064565616170853, 10.365478021955843 ], [ 77.080130011684901, 10.370595909252007 ], [ 77.083627106149507, 10.341972960170557 ] ] ] ] } },
{ "type": "Feature", "properties": { "id": 253 }, "geometry": { "type": "MultiPolygon", "coordinates": [ [ [ [ 77.059849664878328, 10.974309898386601 ], [ 77.09052437792117, 10.956035535797353 ], [ 77.083793242461738, 10.929310795833333 ], [ 77.073877220310067, 10.924859501082082 ], [ 77.040952007457278, 10.937889293941252 ], [ 77.059849664878328, 10.974309898386601 ] ] ] ] } },
{ "type": "Feature", "properties": { "id": 199 }, "geometry": { "type": "MultiPolygon", "coordinates": [ [ [ [ 77.039875987444475, 10.728486090414933 ], [ 77.059873638833565, 10.747350246561375 ], [ 77.07949169750006, 10.723762440074861 ], [ 77.070545130353423, 10.716820226458797 ], [ 77.049416265873589, 10.719757202647845 ], [ 77.039875987444475, 10.728486090414933 ] ] ] ] } },
{ "type": "Feature", "properties": { "id": 78 }, "geometry": { "type": "MultiPolygon", "coordinates": [ [ [ [ 77.081968945367947, 10.515305876800321 ], [ 77.07958099486639, 10.511174989465538 ], [ 77.062616458993148, 10.507374543749785 ], [ 77.060453966741548, 10.523724470006723 ], [ 77.079127428255731, 10.536081180966566 ], [ 77.080230116058218, 10.535954618087716 ], [ 77.081968945367947, 10.515305876800321 ] ] ] ] } },
{ "type": "Feature", "properties": { "id": 67 }, "geometry": { "type": "MultiPolygon", "coordinates": [ [ [ [ 77.063350855488366, 10.688427739085952 ], [ 77.071198791141612, 10.708010729555328 ], [ 77.089775744555126, 10.69187189891961 ], [ 77.080804763252928, 10.672107049152878 ], [ 77.075575391903371, 10.672297865033755 ], [ 77.065255904458098, 10.683242186219388 ], [ 77.063350855488366, 10.688427739085952 ] ] ] ] } },
{ "type": "Feature", "properties": { "id": 61 }, "geometry": { "type": "MultiPolygon", "coordinates": [ [ [ [ 77.070045415745383, 11.115132917755066 ], [ 77.102692745241797, 11.090389733974421 ], [ 77.103074924975076, 11.087587053452891 ], [ 77.069937079308403, 11.078421794556403 ], [ 77.061299712125063, 11.104217969469397 ], [ 77.070045415745383, 11.115132917755066 ] ] ] ] } },
{ "type": "Feature", "properties": { "id": 287 }, "geometry": { "type": "MultiPolygon", "coordinates": [ [ [ [ 77.061664205051727, 11.242073848011007 ], [ 77.089292061720428, 11.285436823326323 ], [ 77.090155978616934, 11.285532705441803 ], [ 77.102510306150435, 11.279176467173855 ], [ 77.115095499866243, 11.239412757911028 ], [ 77.110714314273807, 11.235133091277957 ], [ 77.076208778247448, 11.232727011366652 ], [ 77.062304797954539, 11.240064759679012 ], [ 77.061664205051727, 11.242073848011007 ] ] ] ] } },
{ "type": "Feature", "properties": { "id": 73 }, "geometry": { "type": "MultiPolygon", "coordinates": [ [ [ [ 77.047083470533906, 11.196830284915208 ], [ 77.077633211859805, 11.204922766860383 ], [ 77.082966294746512, 11.18426303044475 ], [ 77.047083470533906, 11.196830284915208 ] ] ] ] } },
{ "type": "Feature", "properties": { "id": 90 }, "geometry": { "type": "MultiPolygon", "coordinates": [ [ [ [ 77.062175803220413, 10.755118609639343 ], [ 77.106108505162837, 10.762523970616227 ], [ 77.114717676668519, 10.75159809446521 ], [ 77.105871364748879, 10.732969010990873 ], [ 77.07949169750006, 10.723762440074861 ], [ 77.059873638833565, 10.747350246561375 ], [ 77.062175803220413, 10.755118609639343 ] ] ] ] } },
{ "type": "Feature", "properties": { "id": 133 }, "geometry": { "type": "MultiPolygon", "coordinates": [ [ [ [ 77.055928775963253, 10.876798118444125 ], [ 77.066908290248904, 10.8907562828033 ], [ 77.090148329623673, 10.8835235959163 ], [ 77.100607325031774, 10.873654700241419 ], [ 77.093725786786592, 10.855414958580971 ], [ 77.053722389030384, 10.866458359433251 ], [ 77.055928775963253, 10.876798118444125 ] ] ] ] } },
{ "type": "Feature", "properties": { "id": 72 }, "geometry": { "type": "MultiPolygon", "coordinates": [ [ [ [ 77.08671720907823, 11.176904790418474 ], [ 77.124389950373597, 11.171728837493644 ], [ 77.132929211502599, 11.165396216480586 ], [ 77.129632195529183, 11.161353387980606 ], [ 77.072494843927984, 11.133206660425969 ], [ 77.076575403487539, 11.169763800871401 ], [ 77.08671720907823, 11.176904790418474 ] ] ] ] } },
{ "type": "Feature", "properties": { "id": 130 }, "geometry": { "type": "MultiPolygon", "coordinates": [ [ [ [ 77.060529323386646, 11.302316129158839 ], [ 77.103566202914465, 11.317114275001268 ], [ 77.090155978616934, 11.285532705441803 ], [ 77.089292061720428, 11.285436823326323 ], [ 77.060529323386646, 11.302316129158839 ] ] ] ] } },
{ "type": "Feature", "properties": { "id": 49 }, "geometry": { "type": "MultiPolygon", "coordinates": [ [ [ [ 77.071010478054177, 10.834570141235334 ], [ 77.099751038527245, 10.845210872663737 ], [ 77.118609720813083, 10.829621669111933 ], [ 77.102377122740023, 10.804027138555982 ], [ 77.095435535267228, 10.795739204251163 ], [ 77.090014138594256, 10.797191246056061 ], [ 77.07035352146022, 10.815543308433293 ], [ 77.071010478054177, 10.834570141235334 ] ] ] ] } },
{ "type": "Feature", "properties": { "id": 110 }, "geometry": { "type": "MultiPolygon", "coordinates": [ [ [ [ 77.070545130353423, 10.716820226458797 ], [ 77.07949169750006, 10.723762440074861 ], [ 77.105871364748879, 10.732969010990873 ], [ 77.110604751776108, 10.706646878917811 ], [ 77.089775744555126, 10.69187189891961 ], [ 77.071198791141612, 10.708010729555328 ], [ 77.070545130353423, 10.716820226458797 ] ] ] ] } },
{ "type": "Feature", "properties": { "id": 223 }, "geometry": { "type": "MultiPolygon", "coordinates": [ [ [ [ 77.072494843927984, 11.133206660425969 ], [ 77.129632195529183, 11.161353387980606 ], [ 77.10732906004101, 11.125080987403464 ], [ 77.070842068327252, 11.118383347850509 ], [ 77.068932763127791, 11.12514614485611 ], [ 77.072494843927984, 11.133206660425969 ] ] ] ] } },
{ "type": "Feature", "properties": { "id": 23 }, "geometry": { "type": "MultiPolygon", "coordinates": [ [ [ [ 77.085234873696209, 10.572589912793422 ], [ 77.071402162232559, 10.580024704024046 ], [ 77.07987170902932, 10.619894075410722 ], [ 77.090481614180362, 10.622125123561851 ], [ 77.099647779333949, 10.619137922905388 ], [ 77.095949537198734, 10.579252159714036 ], [ 77.085234873696209, 10.572589912793422 ] ] ] ] } },
{ "type": "Feature", "properties": { "id": 46 }, "geometry": { "type": "MultiPolygon", "coordinates": [ [ [ [ 77.121894274476276, 10.584328636110694 ], [ 77.100273681428689, 10.581940859790668 ], [ 77.095949537198734, 10.579252159714036 ], [ 77.099647779333949, 10.619137922905388 ], [ 77.103232858610667, 10.619053093548015 ], [ 77.123955713352132, 10.584234247502417 ], [ 77.121894274476276, 10.584328636110694 ] ] ] ] } },
{ "type": "Feature", "properties": { "id": 263 }, "geometry": { "type": "MultiPolygon", "coordinates": [ [ [ [ 77.073877220310067, 10.924859501082082 ], [ 77.083793242461738, 10.929310795833333 ], [ 77.115068896199816, 10.916930468966678 ], [ 77.117521630484021, 10.911468802771132 ], [ 77.090148329623673, 10.8835235959163 ], [ 77.066908290248904, 10.8907562828033 ], [ 77.073877220310067, 10.924859501082082 ] ] ] ] } },
{ "type": "Feature", "properties": { "id": 94 }, "geometry": { "type": "MultiPolygon", "coordinates": [ [ [ [ 77.103566202914465, 11.317114275001268 ], [ 77.060529323386646, 11.302316129158839 ], [ 77.060044480395305, 11.302545767126505 ], [ 77.053698972850526, 11.31713773797116 ], [ 77.104364314128375, 11.332491764764431 ], [ 77.111624966274078, 11.331221343102362 ], [ 77.103566202914465, 11.317114275001268 ] ] ] ] } },
{ "type": "Feature", "properties": { "id": 220 }, "geometry": { "type": "MultiPolygon", "coordinates": [ [ [ [ 77.139921138253015, 11.335183362932259 ], [ 77.144492308751694, 11.334057636508318 ], [ 77.143730118929625, 11.325673544776047 ], [ 77.144025850728667, 11.317097301935283 ], [ 77.14402585142463, 11.30290214017708 ], [ 77.139885595596951, 11.301127745338801 ], [ 77.128352027210141, 11.30231067575415 ], [ 77.118888585392824, 11.301719210425208 ], [ 77.115931260056712, 11.299057617448723 ], [ 77.114156864739329, 11.298170419722206 ], [ 77.110903807360486, 11.295804559611478 ], [ 77.110903807359691, 11.291664304241461 ], [ 77.115339795573675, 11.285453921577242 ], [ 77.11562740296182, 11.285087875706999 ], [ 77.102510306150435, 11.279176467173855 ], [ 77.090155978616934, 11.285532705441803 ], [ 77.103566202914465, 11.317114275001268 ], [ 77.111624966274078, 11.331221343102362 ], [ 77.138210277433885, 11.339097317927486 ], [ 77.139921138253015, 11.335183362932259 ] ] ] ] } },
{ "type": "Feature", "properties": { "id": 168 }, "geometry": { "type": "MultiPolygon", "coordinates": [ [ [ [ 77.089775744555126, 10.69187189891961 ], [ 77.110604751776108, 10.706646878917811 ], [ 77.123129654563769, 10.691675253273226 ], [ 77.119521398050594, 10.669897821257445 ], [ 77.091741586147904, 10.664094556375295 ], [ 77.080804763252928, 10.672107049152878 ], [ 77.089775744555126, 10.69187189891961 ] ] ] ] } },
{ "type": "Feature", "properties": { "id": 125 }, "geometry": { "type": "MultiPolygon", "coordinates": [ [ [ [ 77.143518338653251, 10.752244864241405 ], [ 77.114717676668519, 10.75159809446521 ], [ 77.106108505162837, 10.762523970616227 ], [ 77.095435535267228, 10.795739204251163 ], [ 77.102377122740023, 10.804027138555982 ], [ 77.137165827639123, 10.79447588660919 ], [ 77.14226630678651, 10.789073749848818 ], [ 77.148992237051317, 10.764626071810751 ], [ 77.143518338653251, 10.752244864241405 ] ] ] ] } },
{ "type": "Feature", "properties": { "id": 188 }, "geometry": { "type": "MultiPolygon", "coordinates": [ [ [ [ 77.082966294746512, 11.18426303044475 ], [ 77.077633211859805, 11.204922766860383 ], [ 77.076208778247448, 11.232727011366652 ], [ 77.110714314273807, 11.235133091277957 ], [ 77.124389950373597, 11.171728837493644 ], [ 77.08671720907823, 11.176904790418474 ], [ 77.082966294746512, 11.18426303044475 ] ] ] ] } },
{ "type": "Feature", "properties": { "id": 21 }, "geometry": { "type": "MultiPolygon", "coordinates": [ [ [ [ 77.168275918246664, 11.009535474686363 ], [ 77.165910057641668, 11.006578149373496 ], [ 77.161178337092679, 11.002142161435431 ], [ 77.158812476921625, 10.998297638123097 ], [ 77.156446616231037, 10.993565917852782 ], [ 77.153489290776307, 10.988538464432208 ], [ 77.153489290911082, 10.985285406747888 ], [ 77.15555941907175, 10.979666488697571 ], [ 77.161178336699422, 10.97700489616019 ], [ 77.164135661929279, 10.969315850595638 ], [ 77.164135661951036, 10.967941347173744 ], [ 77.16261997143468, 10.96737528116647 ], [ 77.101741353122435, 10.970974387844825 ], [ 77.080767982835596, 11.024561867546252 ], [ 77.080976162804035, 11.02603961655444 ], [ 77.1162276738184, 11.038953115133355 ], [ 77.168537306280058, 11.011234496872728 ], [ 77.168275918246664, 11.009535474686363 ] ] ] ] } },
{ "type": "Feature", "properties": { "id": 20 }, "geometry": { "type": "MultiPolygon", "coordinates": [ [ [ [ 77.138386266693146, 10.74063682120183 ], [ 77.13713598676074, 10.705508995870767 ], [ 77.139125286971378, 10.695021187902938 ], [ 77.123129654563769, 10.691675253273226 ], [ 77.110604751776108, 10.706646878917811 ], [ 77.105871364748879, 10.732969010990873 ], [ 77.114717676668519, 10.75159809446521 ], [ 77.143518338653251, 10.752244864241405 ], [ 77.138386266693146, 10.74063682120183 ] ] ] ] } },
{ "type": "Feature", "properties": { "id": 259 }, "geometry": { "type": "MultiPolygon", "coordinates": [ [ [ [ 77.093725786786592, 10.855414958580971 ], [ 77.100607325031774, 10.873654700241419 ], [ 77.12932467284611, 10.882950229947394 ], [ 77.140071604131023, 10.868618705981142 ], [ 77.121787189295816, 10.830909997866787 ], [ 77.118609720813083, 10.829621669111933 ], [ 77.099751038527245, 10.845210872663737 ], [ 77.093725786786592, 10.855414958580971 ] ] ] ] } },
{ "type": "Feature", "properties": { "id": 12 }, "geometry": { "type": "MultiPolygon", "coordinates": [ [ [ [ 77.070045415745383, 11.115132917755066 ], [ 77.070842068327252, 11.118383347850509 ], [ 77.10732906004101, 11.125080987403464 ], [ 77.112068076233896, 11.107576631628664 ], [ 77.102692745241797, 11.090389733974421 ], [ 77.070045415745383, 11.115132917755066 ] ] ] ] } },
{ "type": "Feature", "properties": { "id": 274 }, "geometry": { "type": "MultiPolygon", "coordinates": [ [ [ [ 77.090148329623673, 10.8835235959163 ], [ 77.117521630484021, 10.911468802771132 ], [ 77.126835481834519, 10.898221366028881 ], [ 77.12932467284611, 10.882950229947394 ], [ 77.100607325031774, 10.873654700241419 ], [ 77.090148329623673, 10.8835235959163 ] ] ] ] } },
{ "type": "Feature", "properties": { "id": 203 }, "geometry": { "type": "MultiPolygon", "coordinates": [ [ [ [ 77.083793242461738, 10.929310795833333 ], [ 77.09052437792117, 10.956035535797353 ], [ 77.101741353122435, 10.970974387844825 ], [ 77.16261997143468, 10.96737528116647 ], [ 77.115068896199816, 10.916930468966678 ], [ 77.083793242461738, 10.929310795833333 ] ] ] ] } },
{ "type": "Feature", "properties": { "id": 232 }, "geometry": { "type": "MultiPolygon", "coordinates": [ [ [ [ 77.132929211502599, 11.165396216480586 ], [ 77.144446873393775, 11.163862716347543 ], [ 77.14844667157702, 11.131368269423948 ], [ 77.138446761556423, 11.104332543055909 ], [ 77.112068076233896, 11.107576631628664 ], [ 77.10732906004101, 11.125080987403464 ], [ 77.129632195529183, 11.161353387980606 ], [ 77.132929211502599, 11.165396216480586 ] ] ] ] } },
{ "type": "Feature", "properties": { "id": 6 }, "geometry": { "type": "MultiPolygon", "coordinates": [ [ [ [ 77.118592852736029, 11.281313665836105 ], [ 77.124803235559753, 11.281609398179816 ], [ 77.136041073022227, 11.281017933917047 ], [ 77.14136425850667, 11.280722201449016 ], [ 77.144617316359287, 11.279835003643127 ], [ 77.146391711060431, 11.276877678124519 ], [ 77.150236234451455, 11.27569474777761 ], [ 77.154672222496501, 11.276581945323544 ], [ 77.160291139986967, 11.277173410464805 ], [ 77.16472712838231, 11.271850224845858 ], [ 77.164431395026455, 11.269188632085843 ], [ 77.158812477398229, 11.265935575064658 ], [ 77.158221012608266, 11.260020924250293 ], [ 77.159200114481777, 11.257706683346495 ], [ 77.122653989379813, 11.24146412599028 ], [ 77.115095499866243, 11.239412757911028 ], [ 77.102510306150435, 11.279176467173855 ], [ 77.11562740296182, 11.285087875706999 ], [ 77.118592852736029, 11.281313665836105 ] ] ] ] } },
{ "type": "Feature", "properties": { "id": 57 }, "geometry": { "type": "MultiPolygon", "coordinates": [ [ [ [ 77.213227262523844, 11.124575427342158 ], [ 77.2191419127887, 11.123392497145979 ], [ 77.223873633448491, 11.125166891722587 ], [ 77.228309620999923, 11.1298986123738 ], [ 77.232745608651996, 11.135221798416621 ], [ 77.238068794841979, 11.136700460698821 ], [ 77.2416175846203, 11.133151670392937 ], [ 77.242504782841024, 11.130490078005019 ], [ 77.241617584569468, 11.126349822068942 ], [ 77.244574909940042, 11.123688229554881 ], [ 77.249010898325025, 11.119843706562774 ], [ 77.252559687913958, 11.116294916595294 ], [ 77.257291408453938, 11.11215466078475 ], [ 77.257651574453476, 11.110473887315365 ], [ 77.257651574453476, 11.107136019036854 ], [ 77.25640421142586, 11.105057080499764 ], [ 77.254925548260658, 11.105352813029398 ], [ 77.250785293375671, 11.106535743308418 ], [ 77.246349305373087, 11.105648545117175 ], [ 77.244279177526721, 11.102691220410856 ], [ 77.241617584489617, 11.101508289965812 ], [ 77.233928538789456, 11.101212557692016 ], [ 77.229492550826819, 11.098255232489452 ], [ 77.223578904132722, 11.095298408741503 ], [ 77.209558771685494, 11.128243917544074 ], [ 77.213227262523844, 11.124575427342158 ] ] ] ] } },
{ "type": "Feature", "properties": { "id": 81 }, "geometry": { "type": "MultiPolygon", "coordinates": [ [ [ [ 77.102692745241797, 11.090389733974421 ], [ 77.112068076233896, 11.107576631628664 ], [ 77.138446761556423, 11.104332543055909 ], [ 77.143023586388168, 11.08486999819455 ], [ 77.119749297471927, 11.060826573723496 ], [ 77.103074924975076, 11.087587053452891 ], [ 77.102692745241797, 11.090389733974421 ] ] ] ] } },
{ "type": "Feature", "properties": { "id": 128 }, "geometry": { "type": "MultiPolygon", "coordinates": [ [ [ [ 77.164135662018197, 10.963696932487657 ], [ 77.164431394778788, 10.959260944509913 ], [ 77.167092986852964, 10.957486549146527 ], [ 77.169754580141372, 10.955416421932593 ], [ 77.170050312855011, 10.950684701550573 ], [ 77.169163115019558, 10.946840178628426 ], [ 77.168571650132506, 10.941221259810522 ], [ 77.170346045381407, 10.934419411466836 ], [ 77.170797063791028, 10.933216695693682 ], [ 77.155164742345036, 10.909379450267874 ], [ 77.126835481834519, 10.898221366028881 ], [ 77.117521630484021, 10.911468802771132 ], [ 77.115068896199816, 10.916930468966678 ], [ 77.16261997143468, 10.96737528116647 ], [ 77.164135661951036, 10.967941347173744 ], [ 77.164135662018197, 10.963696932487657 ] ] ] ] } },
{ "type": "Feature", "properties": { "id": 173 }, "geometry": { "type": "MultiPolygon", "coordinates": [ [ [ [ 77.119521398050594, 10.669897821257445 ], [ 77.13643301591064, 10.648224861661154 ], [ 77.121200143169858, 10.627275176991644 ], [ 77.103232858610667, 10.619053093548015 ], [ 77.099647779333949, 10.619137922905388 ], [ 77.090481614180362, 10.622125123561851 ], [ 77.091741586147904, 10.664094556375295 ], [ 77.119521398050594, 10.669897821257445 ] ] ] ] } },
{ "type": "Feature", "properties": { "id": 169 }, "geometry": { "type": "MultiPolygon", "coordinates": [ [ [ [ 77.151472210032921, 10.582974329560251 ], [ 77.123955713352132, 10.584234247502417 ], [ 77.103232858610667, 10.619053093548015 ], [ 77.121200143169858, 10.627275176991644 ], [ 77.15736850820339, 10.592562955238863 ], [ 77.151472210032921, 10.582974329560251 ] ] ] ] } },
{ "type": "Feature", "properties": { "id": 104 }, "geometry": { "type": "MultiPolygon", "coordinates": [ [ [ [ 77.121787189295816, 10.830909997866787 ], [ 77.143253908153312, 10.821185721133391 ], [ 77.137165827639123, 10.79447588660919 ], [ 77.102377122740023, 10.804027138555982 ], [ 77.118609720813083, 10.829621669111933 ], [ 77.121787189295816, 10.830909997866787 ] ] ] ] } },
{ "type": "Feature", "properties": { "id": 135 }, "geometry": { "type": "MultiPolygon", "coordinates": [ [ [ [ 77.179218021655828, 11.071343572312719 ], [ 77.171233243800259, 11.068681979524371 ], [ 77.162952732420806, 11.065428921594815 ], [ 77.158812477458667, 11.0606972015864 ], [ 77.159403942867542, 11.054782551210044 ], [ 77.162952732688268, 11.051233760560342 ], [ 77.166797255815339, 11.047980702367452 ], [ 77.16916311583563, 11.045614842029305 ], [ 77.168867383036144, 11.043840447320994 ], [ 77.168867383606056, 11.040883122194868 ], [ 77.172120441146447, 11.037334331821196 ], [ 77.174486301044908, 11.035855669125255 ], [ 77.174486301683416, 11.031715413367092 ], [ 77.174190568921119, 11.028462356207088 ], [ 77.172711906206246, 11.026687960431314 ], [ 77.170641778544208, 11.023730635888745 ], [ 77.169458848338991, 11.017224520147364 ], [ 77.168537306280058, 11.011234496872728 ], [ 77.1162276738184, 11.038953115133355 ], [ 77.119749297471927, 11.060826573723496 ], [ 77.143023586388168, 11.08486999819455 ], [ 77.172092080505436, 11.083056335005503 ], [ 77.182640118811022, 11.072831440330681 ], [ 77.179218021655828, 11.071343572312719 ] ] ] ] } },
{ "type": "Feature", "properties": { "id": 157 }, "geometry": { "type": "MultiPolygon", "coordinates": [ [ [ [ 77.141955723503514, 11.213886650007513 ], [ 77.142251456252183, 11.207676266994556 ], [ 77.145800246003461, 11.200282953491925 ], [ 77.151123431373719, 11.197029896076403 ], [ 77.152306361483184, 11.192002443102202 ], [ 77.156150884777801, 11.184904862514408 ], [ 77.157925279942106, 11.182539002321976 ], [ 77.157333815055509, 11.177807281914514 ], [ 77.155559419573947, 11.17573715410157 ], [ 77.153785024657907, 11.171005433412732 ], [ 77.153407668149228, 11.167609224978859 ], [ 77.144446873393775, 11.163862716347543 ], [ 77.132929211502599, 11.165396216480586 ], [ 77.124389950373597, 11.171728837493644 ], [ 77.110714314273807, 11.235133091277957 ], [ 77.115095499866243, 11.239412757911028 ], [ 77.122653989379813, 11.24146412599028 ], [ 77.142500021037634, 11.215519543063541 ], [ 77.141955723503514, 11.213886650007513 ] ] ] ] } },
{ "type": "Feature", "properties": { "id": 59 }, "geometry": { "type": "MultiPolygon", "coordinates": [ [ [ [ 77.161474070270501, 11.252331878495193 ], [ 77.163248465505447, 11.249670286021656 ], [ 77.161474070287852, 11.247304425935059 ], [ 77.158221012654096, 11.242572704804909 ], [ 77.154672221735055, 11.234292194424183 ], [ 77.15289782673662, 11.231334868896573 ], [ 77.146391711434404, 11.221279962984484 ], [ 77.14373011828414, 11.21920983582832 ], [ 77.142500021037634, 11.215519543063541 ], [ 77.122653989379813, 11.24146412599028 ], [ 77.159200114481777, 11.257706683346495 ], [ 77.161474070270501, 11.252331878495193 ] ] ] ] } },
{ "type": "Feature", "properties": { "id": 40 }, "geometry": { "type": "MultiPolygon", "coordinates": [ [ [ [ 77.164820619151229, 10.604681660963799 ], [ 77.15736850820339, 10.592562955238863 ], [ 77.121200143169858, 10.627275176991644 ], [ 77.13643301591064, 10.648224861661154 ], [ 77.139756457051291, 10.648460139511075 ], [ 77.169349268547322, 10.617066928876559 ], [ 77.164820619151229, 10.604681660963799 ] ] ] ] } },
{ "type": "Feature", "properties": { "id": 166 }, "geometry": { "type": "MultiPolygon", "coordinates": [ [ [ [ 77.121787189295816, 10.830909997866787 ], [ 77.140071604131023, 10.868618705981142 ], [ 77.151951462774065, 10.86872070428379 ], [ 77.189324956365681, 10.841568185483203 ], [ 77.187593766260377, 10.832038676870027 ], [ 77.178709680607327, 10.815229640330418 ], [ 77.152459335608398, 10.818280867612728 ], [ 77.143253908153312, 10.821185721133391 ], [ 77.121787189295816, 10.830909997866787 ] ] ] ] } },
{ "type": "Feature", "properties": { "id": 127 }, "geometry": { "type": "MultiPolygon", "coordinates": [ [ [ [ 77.137165827639123, 10.79447588660919 ], [ 77.143253908153312, 10.821185721133391 ], [ 77.152459335608398, 10.818280867612728 ], [ 77.14226630678651, 10.789073749848818 ], [ 77.137165827639123, 10.79447588660919 ] ] ] ] } },
{ "type": "Feature", "properties": { "id": 4 }, "geometry": { "type": "MultiPolygon", "coordinates": [ [ [ [ 77.126835481834519, 10.898221366028881 ], [ 77.155164742345036, 10.909379450267874 ], [ 77.162112589891393, 10.897377466799391 ], [ 77.16065220066433, 10.878839473843973 ], [ 77.151951462774065, 10.86872070428379 ], [ 77.140071604131023, 10.868618705981142 ], [ 77.12932467284611, 10.882950229947394 ], [ 77.126835481834519, 10.898221366028881 ] ] ] ] } },
{ "type": "Feature", "properties": { "id": 34 }, "geometry": { "type": "MultiPolygon", "coordinates": [ [ [ [ 77.143768024870539, 10.670544166651386 ], [ 77.15450263074753, 10.658313545723386 ], [ 77.139756457051291, 10.648460139511075 ], [ 77.13643301591064, 10.648224861661154 ], [ 77.119521398050594, 10.669897821257445 ], [ 77.123129654563769, 10.691675253273226 ], [ 77.139125286971378, 10.695021187902938 ], [ 77.143768024870539, 10.670544166651386 ] ] ] ] } },
{ "type": "Feature", "properties": { "id": 269 }, "geometry": { "type": "MultiPolygon", "coordinates": [ [ [ [ 77.176657767337289, 10.798642650579097 ], [ 77.168887540359307, 10.798488484699396 ], [ 77.164810951068773, 10.799970399603088 ], [ 77.164795887848626, 10.799679731069116 ], [ 77.153161642784269, 10.789694368807295 ], [ 77.149696235665147, 10.7662184201396 ], [ 77.148992237051317, 10.764626071810751 ], [ 77.14226630678651, 10.789073749848818 ], [ 77.152459335608398, 10.818280867612728 ], [ 77.178709680607327, 10.815229640330418 ], [ 77.182766322470357, 10.797057123394433 ], [ 77.176657767337289, 10.798642650579097 ] ] ] ] } },
{ "type": "Feature", "properties": { "id": 42 }, "geometry": { "type": "MultiPolygon", "coordinates": [ [ [ [ 77.15319355957935, 11.165682247931731 ], [ 77.15555942002149, 11.162429190635967 ], [ 77.162657000087279, 11.163316387819645 ], [ 77.169163115629658, 11.161246260673236 ], [ 77.169754580798283, 11.157993202836591 ], [ 77.169754581191071, 11.154148679281684 ], [ 77.169458848824632, 11.143798041090376 ], [ 77.173894836416437, 11.136996193581899 ], [ 77.178330824617092, 11.136108995520042 ], [ 77.179809486856399, 11.138770588076365 ], [ 77.180992416979592, 11.144685238439726 ], [ 77.18217534713564, 11.147642563776134 ], [ 77.18661133459095, 11.145868168941297 ], [ 77.189864392563109, 11.142319378367395 ], [ 77.191934520711925, 11.142319378451257 ], [ 77.196961972974535, 11.14084071559515 ], [ 77.203172356865963, 11.135221798172291 ], [ 77.207904076841984, 11.129898612100526 ], [ 77.208424255688257, 11.129378433344495 ], [ 77.174361334070284, 11.105829448849462 ], [ 77.14844667157702, 11.131368269423948 ], [ 77.144446873393775, 11.163862716347543 ], [ 77.153407668149228, 11.167609224978859 ], [ 77.15319355957935, 11.165682247931731 ] ] ] ] } },
{ "type": "Feature", "properties": { "id": 202 }, "geometry": { "type": "MultiPolygon", "coordinates": [ [ [ [ 77.172120440302379, 10.92968769162187 ], [ 77.17419056793932, 10.926730366076656 ], [ 77.175077765921188, 10.923477308028026 ], [ 77.178626556369309, 10.921407180684147 ], [ 77.17921802158061, 10.921407180545222 ], [ 77.188089997384395, 10.921407180686554 ], [ 77.190751590385446, 10.920224250230081 ], [ 77.194300380485856, 10.916675460071135 ], [ 77.199327833238726, 10.913126670117865 ], [ 77.201989426684975, 10.909873612220903 ], [ 77.201989426681379, 10.909593675253507 ], [ 77.162112589891393, 10.897377466799391 ], [ 77.155164742345036, 10.909379450267874 ], [ 77.170797063791028, 10.933216695693682 ], [ 77.172120440302379, 10.92968769162187 ] ] ] ] } },
{ "type": "Feature", "properties": { "id": 268 }, "geometry": { "type": "MultiPolygon", "coordinates": [ [ [ [ 77.240683156113519, 10.774553545891621 ], [ 77.233955364427203, 10.77449723965489 ], [ 77.228991578133744, 10.775784859146547 ], [ 77.224402675303153, 10.778101977998295 ], [ 77.22004180953688, 10.781626737553612 ], [ 77.230796453138993, 10.814135445901341 ], [ 77.244360087870092, 10.823630408431177 ], [ 77.245469580502814, 10.82403412533381 ], [ 77.25063792045691, 10.824369324011746 ], [ 77.248823377243667, 10.777053237570874 ], [ 77.240683156113519, 10.774553545891621 ] ] ] ] } },
{ "type": "Feature", "properties": { "id": 31 }, "geometry": { "type": "MultiPolygon", "coordinates": [ [ [ [ 77.163948338052677, 10.647551449120121 ], [ 77.174154544476878, 10.630208734429818 ], [ 77.169349268547322, 10.617066928876559 ], [ 77.139756457051291, 10.648460139511075 ], [ 77.15450263074753, 10.658313545723386 ], [ 77.163948338052677, 10.647551449120121 ] ] ] ] } },
{ "type": "Feature", "properties": { "id": 275 }, "geometry": { "type": "MultiPolygon", "coordinates": [ [ [ [ 77.138446761556423, 11.104332543055909 ], [ 77.14844667157702, 11.131368269423948 ], [ 77.174361334070284, 11.105829448849462 ], [ 77.172092080505436, 11.083056335005503 ], [ 77.143023586388168, 11.08486999819455 ], [ 77.138446761556423, 11.104332543055909 ] ] ] ] } },
{ "type": "Feature", "properties": { "id": 138 }, "geometry": { "type": "MultiPolygon", "coordinates": [ [ [ [ 77.215488763783654, 10.785306830540799 ], [ 77.211503193916329, 10.786408553085417 ], [ 77.208821092279408, 10.78880520966664 ], [ 77.214927415847114, 10.802698960997708 ], [ 77.203759337614486, 10.800821904788162 ], [ 77.200954227848996, 10.8025330487612 ], [ 77.198418566514064, 10.800339491442209 ], [ 77.195192924616677, 10.801597292204796 ], [ 77.189906815674036, 10.800542629580226 ], [ 77.18375239105427, 10.796801180947865 ], [ 77.182766322470357, 10.797057123394433 ], [ 77.178709680607327, 10.815229640330418 ], [ 77.187593766260377, 10.832038676870027 ], [ 77.230796453138993, 10.814135445901341 ], [ 77.22004180953688, 10.781626737553612 ], [ 77.215488763783654, 10.785306830540799 ] ] ] ] } },
{ "type": "Feature", "properties": { "id": 191 }, "geometry": { "type": "MultiPolygon", "coordinates": [ [ [ [ 77.201989426653228, 10.907405579110183 ], [ 77.200903840790005, 10.896502288836135 ], [ 77.16065220066433, 10.878839473843973 ], [ 77.162112589891393, 10.897377466799391 ], [ 77.201989426681379, 10.909593675253507 ], [ 77.201989426653228, 10.907405579110183 ] ] ] ] } },
{ "type": "Feature", "properties": { "id": 182 }, "geometry": { "type": "MultiPolygon", "coordinates": [ [ [ [ 77.197443165505163, 10.849219487988149 ], [ 77.189324956365681, 10.841568185483203 ], [ 77.151951462774065, 10.86872070428379 ], [ 77.16065220066433, 10.878839473843973 ], [ 77.200903840790005, 10.896502288836135 ], [ 77.209219577821528, 10.865538053714136 ], [ 77.197443165505163, 10.849219487988149 ] ] ] ] } },
{ "type": "Feature", "properties": { "id": 252 }, "geometry": { "type": "MultiPolygon", "coordinates": [ [ [ [ 77.209219577821528, 10.865538053714136 ], [ 77.219285575551211, 10.864865573196452 ], [ 77.245469580502814, 10.82403412533381 ], [ 77.244360087870092, 10.823630408431177 ], [ 77.197443165505163, 10.849219487988149 ], [ 77.209219577821528, 10.865538053714136 ] ] ] ] } },
{ "type": "Feature", "properties": { "id": 163 }, "geometry": { "type": "MultiPolygon", "coordinates": [ [ [ [ 77.209558771685494, 11.128243917544074 ], [ 77.223578904132722, 11.095298408741503 ], [ 77.220620575429123, 11.093819244189145 ], [ 77.215001657310594, 11.089678989068808 ], [ 77.21293153009448, 11.087608860818523 ], [ 77.204059554384955, 11.086721663944019 ], [ 77.199032100860663, 11.085538733094978 ], [ 77.193413183144969, 11.078145420189436 ], [ 77.186019870074134, 11.074300897095057 ], [ 77.182640118811022, 11.072831440330681 ], [ 77.172092080505436, 11.083056335005503 ], [ 77.174361334070284, 11.105829448849462 ], [ 77.208424255688257, 11.129378433344495 ], [ 77.209558771685494, 11.128243917544074 ] ] ] ] } },
{ "type": "Feature", "properties": { "id": 176 }, "geometry": { "type": "MultiPolygon", "coordinates": [ [ [ [ 77.197443165505163, 10.849219487988149 ], [ 77.244360087870092, 10.823630408431177 ], [ 77.230796453138993, 10.814135445901341 ], [ 77.187593766260377, 10.832038676870027 ], [ 77.189324956365681, 10.841568185483203 ], [ 77.197443165505163, 10.849219487988149 ] ] ] ] } },
{ "type": "Feature", "properties": { "id": 8 }, "geometry": { "type": "MultiPolygon", "coordinates": [ [ [ [ 77.201989426650741, 10.907212019171441 ], [ 77.204059554038679, 10.905437624339509 ], [ 77.21381872704201, 10.905437623982195 ], [ 77.224465098539795, 10.905437624360337 ], [ 77.227126690946278, 10.904550426414916 ], [ 77.230675481477803, 10.902776031699794 ], [ 77.234520003857668, 10.900705903526285 ], [ 77.241617584962995, 10.898931508809627 ], [ 77.248715165369163, 10.895974183500476 ], [ 77.252559688104611, 10.890355265279467 ], [ 77.252263956126185, 10.881187557183566 ], [ 77.252263956034739, 10.872611313729363 ], [ 77.252263956070522, 10.871038049659692 ], [ 77.219285575551211, 10.864865573196452 ], [ 77.209219577821528, 10.865538053714136 ], [ 77.200903840790005, 10.896502288836135 ], [ 77.201989426653228, 10.907405579110183 ], [ 77.201989426650741, 10.907212019171441 ] ] ] ] } },
{ "type": "Feature", "properties": { "id": 143 }, "geometry": { "type": "MultiPolygon", "coordinates": [ [ [ [ 77.254839177201205, 10.778900563934311 ], [ 77.248823377243667, 10.777053237570874 ], [ 77.25063792045691, 10.824369324011746 ], [ 77.257651574453476, 10.827202672982663 ], [ 77.257651574453476, 10.779411783988188 ], [ 77.254839177201205, 10.778900563934311 ] ] ] ] } },
{ "type": "Feature", "properties": { "id": 70 }, "geometry": { "type": "MultiPolygon", "coordinates": [ [ [ [ 77.252263956175966, 10.86640093009839 ], [ 77.25403835057422, 10.861964942723727 ], [ 77.257651574453476, 10.859414432192322 ], [ 77.257651574453476, 10.827202672982663 ], [ 77.25063792045691, 10.824369324011746 ], [ 77.245469580502814, 10.82403412533381 ], [ 77.219285575551211, 10.864865573196452 ], [ 77.252263956070522, 10.871038049659692 ], [ 77.252263956175966, 10.86640093009839 ] ] ] ] } }
]
}
